AssessmentID,StudentID,SubjectID,TestName,MaxMarks,MarksObtained
T2001,S1001,CIVIL104,Internal 1,100,45
T2002,S1001,CIVIL101,Internal 2,100,42
T2003,S1001,CIVIL101,Model Exam,100,41
T2004,S1001,CIVIL103,Final Internal,100,38
T2005,S1002,CSE105,Internal 1,100,44
T2006,S1002,CSE104,Internal 2,100,42
T2007,S1002,CSE102,Model Exam,100,39
T2008,S1002,CSE105,Final Internal,100,37
T2009,S1003,ECE104,Internal 1,100,83
T2010,S1003,ECE102,Internal 2,100,83
T2011,S1003,ECE105,Model Exam,100,83
T2012,S1003,ECE101,Final Internal,100,83
T2013,S1004,EEE102,Internal 1,100,92
T2014,S1004,EEE102,Internal 2,100,92
T2015,S1004,EEE102,Model Exam,100,92
T2016,S1004,EEE103,Final Internal,100,92
T2017,S1005,EEE101,Internal 1,100,81
T2018,S1005,EEE101,Internal 2,100,81
T2019,S1005,EEE101,Model Exam,100,81
T2020,S1005,EEE101,Final Internal,100,81
T2021,S1006,CIVIL103,Internal 1,100,79
T2022,S1006,CIVIL104,Internal 2,100,79
T2023,S1006,CIVIL105,Model Exam,100,79
T2024,S1006,CIVIL101,Final Internal,100,79
T2025,S1007,CIVIL105,Internal 1,100,87
T2026,S1007,CIVIL102,Internal 2,100,87
T2027,S1007,CIVIL101,Model Exam,100,87
T2028,S1007,CIVIL103,Final Internal,100,87
T2029,S1008,CIVIL101,Internal 1,100,70
T2030,S1008,CIVIL103,Internal 2,100,70
T2031,S1008,CIVIL105,Model Exam,100,70
T2032,S1008,CIVIL103,Final Internal,100,70
T2033,S1009,MECH105,Internal 1,100,42
T2034,S1009,MECH102,Internal 2,100,41
T2035,S1009,MECH102,Model Exam,100,39
T2036,S1009,MECH105,Final Internal,100,36
T2037,S1010,EEE105,Internal 1,100,97
T2038,S1010,EEE102,Internal 2,100,97
T2039,S1010,EEE101,Model Exam,100,97
T2040,S1010,EEE104,Final Internal,100,97
T2041,S1011,CIVIL104,Internal 1,100,71
T2042,S1011,CIVIL102,Internal 2,100,71
T2043,S1011,CIVIL104,Model Exam,100,71
T2044,S1011,CIVIL103,Final Internal,100,71
T2045,S1012,CIVIL101,Internal 1,100,80
T2046,S1012,CIVIL105,Internal 2,100,80
T2047,S1012,CIVIL104,Model Exam,100,80
T2048,S1012,CIVIL102,Final Internal,100,80
T2049,S1013,EEE103,Internal 1,100,66
T2050,S1013,EEE104,Internal 2,100,66
T2051,S1013,EEE101,Model Exam,100,66
T2052,S1013,EEE105,Final Internal,100,66
T2053,S1014,MECH102,Internal 1,100,74
T2054,S1014,MECH101,Internal 2,100,74
T2055,S1014,MECH102,Model Exam,100,74
T2056,S1014,MECH104,Final Internal,100,74
T2057,S1015,CSE102,Internal 1,100,83
T2058,S1015,CSE105,Internal 2,100,83
T2059,S1015,CSE102,Model Exam,100,83
T2060,S1015,CSE102,Final Internal,100,83
T2061,S1016,CSE105,Internal 1,100,49
T2062,S1016,CSE104,Internal 2,100,48
T2063,S1016,CSE102,Model Exam,100,44
T2064,S1016,CSE102,Final Internal,100,43
T2065,S1017,ECE103,Internal 1,100,53
T2066,S1017,ECE104,Internal 2,100,48
T2067,S1017,ECE105,Model Exam,100,44
T2068,S1017,ECE105,Final Internal,100,40
T2069,S1018,CIVIL104,Internal 1,100,38
T2070,S1018,CIVIL105,Internal 2,100,35
T2071,S1018,CIVIL101,Model Exam,100,35
T2072,S1018,CIVIL105,Final Internal,100,35
T2073,S1019,ECE101,Internal 1,100,35
T2074,S1019,ECE105,Internal 2,100,35
T2075,S1019,ECE102,Model Exam,100,35
T2076,S1019,ECE105,Final Internal,100,35
T2077,S1020,ECE101,Internal 1,100,88
T2078,S1020,ECE105,Internal 2,100,88
T2079,S1020,ECE104,Model Exam,100,88
T2080,S1020,ECE101,Final Internal,100,88
T2081,S1021,EEE102,Internal 1,100,40
T2082,S1021,EEE102,Internal 2,100,40
T2083,S1021,EEE103,Model Exam,100,40
T2084,S1021,EEE102,Final Internal,100,40
T2085,S1022,ECE102,Internal 1,100,40
T2086,S1022,ECE104,Internal 2,100,36
T2087,S1022,ECE103,Model Exam,100,35
T2088,S1022,ECE105,Final Internal,100,35
T2089,S1023,CIVIL105,Internal 1,100,86
T2090,S1023,CIVIL104,Internal 2,100,86
T2091,S1023,CIVIL104,Model Exam,100,86
T2092,S1023,CIVIL105,Final Internal,100,86
T2093,S1024,MECH102,Internal 1,100,65
T2094,S1024,MECH103,Internal 2,100,65
T2095,S1024,MECH101,Model Exam,100,65
T2096,S1024,MECH101,Final Internal,100,65
T2097,S1025,ECE102,Internal 1,100,42
T2098,S1025,ECE104,Internal 2,100,40
T2099,S1025,ECE104,Model Exam,100,39
T2100,S1025,ECE101,Final Internal,100,36
T2101,S1026,ECE102,Internal 1,100,44
T2102,S1026,ECE105,Internal 2,100,44
T2103,S1026,ECE103,Model Exam,100,44
T2104,S1026,ECE102,Final Internal,100,44
T2105,S1027,MECH103,Internal 1,100,50
T2106,S1027,MECH103,Internal 2,100,45
T2107,S1027,MECH104,Model Exam,100,44
T2108,S1027,MECH102,Final Internal,100,39
T2109,S1028,CSE104,Internal 1,100,35
T2110,S1028,CSE104,Internal 2,100,35
T2111,S1028,CSE104,Model Exam,100,35
T2112,S1028,CSE104,Final Internal,100,35
T2113,S1029,ECE103,Internal 1,100,48
T2114,S1029,ECE103,Internal 2,100,45
T2115,S1029,ECE105,Model Exam,100,41
T2116,S1029,ECE103,Final Internal,100,40
T2117,S1030,EEE104,Internal 1,100,65
T2118,S1030,EEE101,Internal 2,100,65
T2119,S1030,EEE102,Model Exam,100,65
T2120,S1030,EEE103,Final Internal,100,65
T2121,S1031,MECH101,Internal 1,100,76
T2122,S1031,MECH102,Internal 2,100,76
T2123,S1031,MECH104,Model Exam,100,76
T2124,S1031,MECH102,Final Internal,100,76
T2125,S1032,CIVIL105,Internal 1,100,66
T2126,S1032,CIVIL102,Internal 2,100,66
T2127,S1032,CIVIL102,Model Exam,100,66
T2128,S1032,CIVIL102,Final Internal,100,66
T2129,S1033,EEE103,Internal 1,100,72
T2130,S1033,EEE103,Internal 2,100,72
T2131,S1033,EEE104,Model Exam,100,72
T2132,S1033,EEE102,Final Internal,100,72
T2133,S1034,ECE105,Internal 1,100,85
T2134,S1034,ECE101,Internal 2,100,85
T2135,S1034,ECE103,Model Exam,100,85
T2136,S1034,ECE103,Final Internal,100,85
T2137,S1035,MECH103,Internal 1,100,90
T2138,S1035,MECH105,Internal 2,100,90
T2139,S1035,MECH105,Model Exam,100,90
T2140,S1035,MECH103,Final Internal,100,90
T2141,S1036,ECE104,Internal 1,100,87
T2142,S1036,ECE105,Internal 2,100,87
T2143,S1036,ECE105,Model Exam,100,87
T2144,S1036,ECE101,Final Internal,100,87
T2145,S1037,CSE102,Internal 1,100,35
T2146,S1037,CSE104,Internal 2,100,35
T2147,S1037,CSE103,Model Exam,100,35
T2148,S1037,CSE103,Final Internal,100,35
T2149,S1038,ECE105,Internal 1,100,79
T2150,S1038,ECE103,Internal 2,100,79
T2151,S1038,ECE104,Model Exam,100,79
T2152,S1038,ECE104,Final Internal,100,79
T2153,S1039,CIVIL103,Internal 1,100,51
T2154,S1039,CIVIL103,Internal 2,100,46
T2155,S1039,CIVIL105,Model Exam,100,45
T2156,S1039,CIVIL102,Final Internal,100,40
T2157,S1040,CIVIL104,Internal 1,100,87
T2158,S1040,CIVIL103,Internal 2,100,87
T2159,S1040,CIVIL102,Model Exam,100,87
T2160,S1040,CIVIL102,Final Internal,100,87
T2161,S1041,EEE103,Internal 1,100,38
T2162,S1041,EEE102,Internal 2,100,36
T2163,S1041,EEE101,Model Exam,100,35
T2164,S1041,EEE101,Final Internal,100,35
T2165,S1042,ECE101,Internal 1,100,35
T2166,S1042,ECE102,Internal 2,100,35
T2167,S1042,ECE104,Model Exam,100,35
T2168,S1042,ECE105,Final Internal,100,35
T2169,S1043,CSE101,Internal 1,100,41
T2170,S1043,CSE105,Internal 2,100,36
T2171,S1043,CSE101,Model Exam,100,35
T2172,S1043,CSE104,Final Internal,100,35
T2173,S1044,EEE105,Internal 1,100,57
T2174,S1044,EEE104,Internal 2,100,55
T2175,S1044,EEE101,Model Exam,100,51
T2176,S1044,EEE105,Final Internal,100,49
T2177,S1045,CIVIL103,Internal 1,100,93
T2178,S1045,CIVIL103,Internal 2,100,93
T2179,S1045,CIVIL105,Model Exam,100,93
T2180,S1045,CIVIL105,Final Internal,100,93
T2181,S1046,CIVIL104,Internal 1,100,82
T2182,S1046,CIVIL105,Internal 2,100,82
T2183,S1046,CIVIL103,Model Exam,100,82
T2184,S1046,CIVIL105,Final Internal,100,82
T2185,S1047,ECE102,Internal 1,100,39
T2186,S1047,ECE101,Internal 2,100,38
T2187,S1047,ECE101,Model Exam,100,37
T2188,S1047,ECE102,Final Internal,100,35
T2189,S1048,CIVIL101,Internal 1,100,36
T2190,S1048,CIVIL102,Internal 2,100,35
T2191,S1048,CIVIL101,Model Exam,100,35
T2192,S1048,CIVIL101,Final Internal,100,35
T2193,S1049,EEE101,Internal 1,100,99
T2194,S1049,EEE102,Internal 2,100,99
T2195,S1049,EEE103,Model Exam,100,99
T2196,S1049,EEE101,Final Internal,100,99
T2197,S1050,CIVIL103,Internal 1,100,65
T2198,S1050,CIVIL101,Internal 2,100,65
T2199,S1050,CIVIL104,Model Exam,100,65
T2200,S1050,CIVIL103,Final Internal,100,65
T2201,S1051,CSE102,Internal 1,100,70
T2202,S1051,CSE104,Internal 2,100,70
T2203,S1051,CSE105,Model Exam,100,70
T2204,S1051,CSE101,Final Internal,100,70
T2205,S1052,CIVIL105,Internal 1,100,73
T2206,S1052,CIVIL102,Internal 2,100,73
T2207,S1052,CIVIL104,Model Exam,100,73
T2208,S1052,CIVIL103,Final Internal,100,73
T2209,S1053,CIVIL103,Internal 1,100,68
T2210,S1053,CIVIL102,Internal 2,100,68
T2211,S1053,CIVIL103,Model Exam,100,68
T2212,S1053,CIVIL105,Final Internal,100,68
T2213,S1054,EEE104,Internal 1,100,73
T2214,S1054,EEE104,Internal 2,100,73
T2215,S1054,EEE104,Model Exam,100,73
T2216,S1054,EEE101,Final Internal,100,73
T2217,S1055,CIVIL102,Internal 1,100,78
T2218,S1055,CIVIL103,Internal 2,100,78
T2219,S1055,CIVIL103,Model Exam,100,78
T2220,S1055,CIVIL103,Final Internal,100,78
T2221,S1056,MECH101,Internal 1,100,87
T2222,S1056,MECH101,Internal 2,100,87
T2223,S1056,MECH102,Model Exam,100,87
T2224,S1056,MECH104,Final Internal,100,87
T2225,S1057,CSE101,Internal 1,100,71
T2226,S1057,CSE105,Internal 2,100,71
T2227,S1057,CSE103,Model Exam,100,71
T2228,S1057,CSE103,Final Internal,100,71
T2229,S1058,ECE103,Internal 1,100,38
T2230,S1058,ECE105,Internal 2,100,36
T2231,S1058,ECE102,Model Exam,100,35
T2232,S1058,ECE105,Final Internal,100,35
T2233,S1059,ECE105,Internal 1,100,66
T2234,S1059,ECE105,Internal 2,100,66
T2235,S1059,ECE103,Model Exam,100,66
T2236,S1059,ECE105,Final Internal,100,66
T2237,S1060,CIVIL103,Internal 1,100,49
T2238,S1060,CIVIL103,Internal 2,100,48
T2239,S1060,CIVIL104,Model Exam,100,45
T2240,S1060,CIVIL101,Final Internal,100,41
T2241,S1061,CIVIL102,Internal 1,100,45
T2242,S1061,CIVIL103,Internal 2,100,45
T2243,S1061,CIVIL105,Model Exam,100,45
T2244,S1061,CIVIL102,Final Internal,100,45
T2245,S1062,EEE104,Internal 1,100,76
T2246,S1062,EEE101,Internal 2,100,76
T2247,S1062,EEE105,Model Exam,100,76
T2248,S1062,EEE103,Final Internal,100,76
T2249,S1063,MECH101,Internal 1,100,87
T2250,S1063,MECH101,Internal 2,100,87
T2251,S1063,MECH102,Model Exam,100,87
T2252,S1063,MECH103,Final Internal,100,87
T2253,S1064,EEE104,Internal 1,100,72
T2254,S1064,EEE102,Internal 2,100,72
T2255,S1064,EEE102,Model Exam,100,72
T2256,S1064,EEE102,Final Internal,100,72
T2257,S1065,CIVIL105,Internal 1,100,69
T2258,S1065,CIVIL105,Internal 2,100,69
T2259,S1065,CIVIL101,Model Exam,100,69
T2260,S1065,CIVIL102,Final Internal,100,69
T2261,S1066,EEE103,Internal 1,100,79
T2262,S1066,EEE101,Internal 2,100,79
T2263,S1066,EEE101,Model Exam,100,79
T2264,S1066,EEE102,Final Internal,100,79
T2265,S1067,CSE101,Internal 1,100,77
T2266,S1067,CSE104,Internal 2,100,77
T2267,S1067,CSE101,Model Exam,100,77
T2268,S1067,CSE105,Final Internal,100,77
T2269,S1068,CSE101,Internal 1,100,70
T2270,S1068,CSE105,Internal 2,100,70
T2271,S1068,CSE102,Model Exam,100,70
T2272,S1068,CSE103,Final Internal,100,70
T2273,S1069,MECH104,Internal 1,100,38
T2274,S1069,MECH105,Internal 2,100,36
T2275,S1069,MECH104,Model Exam,100,35
T2276,S1069,MECH105,Final Internal,100,35
T2277,S1070,EEE102,Internal 1,100,73
T2278,S1070,EEE103,Internal 2,100,73
T2279,S1070,EEE103,Model Exam,100,73
T2280,S1070,EEE102,Final Internal,100,73
T2281,S1071,CSE101,Internal 1,100,75
T2282,S1071,CSE104,Internal 2,100,75
T2283,S1071,CSE101,Model Exam,100,75
T2284,S1071,CSE103,Final Internal,100,75
T2285,S1072,MECH104,Internal 1,100,80
T2286,S1072,MECH101,Internal 2,100,80
T2287,S1072,MECH103,Model Exam,100,80
T2288,S1072,MECH104,Final Internal,100,80
T2289,S1073,EEE104,Internal 1,100,42
T2290,S1073,EEE102,Internal 2,100,42
T2291,S1073,EEE102,Model Exam,100,42
T2292,S1073,EEE105,Final Internal,100,42
T2293,S1074,CSE105,Internal 1,100,71
T2294,S1074,CSE104,Internal 2,100,71
T2295,S1074,CSE102,Model Exam,100,71
T2296,S1074,CSE101,Final Internal,100,71
T2297,S1075,MECH101,Internal 1,100,56
T2298,S1075,MECH104,Internal 2,100,53
T2299,S1075,MECH101,Model Exam,100,51
T2300,S1075,MECH101,Final Internal,100,47
T2301,S1076,EEE103,Internal 1,100,86
T2302,S1076,EEE105,Internal 2,100,86
T2303,S1076,EEE105,Model Exam,100,86
T2304,S1076,EEE103,Final Internal,100,86
T2305,S1077,CSE103,Internal 1,100,51
T2306,S1077,CSE103,Internal 2,100,48
T2307,S1077,CSE104,Model Exam,100,47
T2308,S1077,CSE105,Final Internal,100,42
T2309,S1078,EEE103,Internal 1,100,71
T2310,S1078,EEE103,Internal 2,100,71
T2311,S1078,EEE103,Model Exam,100,71
T2312,S1078,EEE104,Final Internal,100,71
T2313,S1079,EEE102,Internal 1,100,66
T2314,S1079,EEE105,Internal 2,100,66
T2315,S1079,EEE103,Model Exam,100,66
T2316,S1079,EEE102,Final Internal,100,66
T2317,S1080,EEE104,Internal 1,100,75
T2318,S1080,EEE105,Internal 2,100,75
T2319,S1080,EEE101,Model Exam,100,75
T2320,S1080,EEE103,Final Internal,100,75
T2321,S1081,MECH102,Internal 1,100,36
T2322,S1081,MECH103,Internal 2,100,35
T2323,S1081,MECH103,Model Exam,100,35
T2324,S1081,MECH101,Final Internal,100,35
T2325,S1082,CIVIL105,Internal 1,100,68
T2326,S1082,CIVIL103,Internal 2,100,68
T2327,S1082,CIVIL102,Model Exam,100,68
T2328,S1082,CIVIL103,Final Internal,100,68
T2329,S1083,ECE103,Internal 1,100,68
T2330,S1083,ECE105,Internal 2,100,68
T2331,S1083,ECE104,Model Exam,100,68
T2332,S1083,ECE103,Final Internal,100,68
T2333,S1084,ECE104,Internal 1,100,81
T2334,S1084,ECE101,Internal 2,100,81
T2335,S1084,ECE101,Model Exam,100,81
T2336,S1084,ECE105,Final Internal,100,81
T2337,S1085,ECE103,Internal 1,100,94
T2338,S1085,ECE104,Internal 2,100,94
T2339,S1085,ECE102,Model Exam,100,94
T2340,S1085,ECE105,Final Internal,100,94
T2341,S1086,ECE102,Internal 1,100,82
T2342,S1086,ECE105,Internal 2,100,82
T2343,S1086,ECE105,Model Exam,100,82
T2344,S1086,ECE102,Final Internal,100,82
T2345,S1087,MECH102,Internal 1,100,72
T2346,S1087,MECH104,Internal 2,100,72
T2347,S1087,MECH101,Model Exam,100,72
T2348,S1087,MECH105,Final Internal,100,72
T2349,S1088,CSE101,Internal 1,100,79
T2350,S1088,CSE102,Internal 2,100,79
T2351,S1088,CSE101,Model Exam,100,79
T2352,S1088,CSE105,Final Internal,100,79
T2353,S1089,ECE105,Internal 1,100,62
T2354,S1089,ECE101,Internal 2,100,62
T2355,S1089,ECE101,Model Exam,100,62
T2356,S1089,ECE102,Final Internal,100,62
T2357,S1090,EEE103,Internal 1,100,75
T2358,S1090,EEE103,Internal 2,100,75
T2359,S1090,EEE102,Model Exam,100,75
T2360,S1090,EEE105,Final Internal,100,75
T2361,S1091,CIVIL101,Internal 1,100,85
T2362,S1091,CIVIL102,Internal 2,100,85
T2363,S1091,CIVIL105,Model Exam,100,85
T2364,S1091,CIVIL103,Final Internal,100,85
T2365,S1092,CSE105,Internal 1,100,98
T2366,S1092,CSE102,Internal 2,100,98
T2367,S1092,CSE105,Model Exam,100,98
T2368,S1092,CSE101,Final Internal,100,98
T2369,S1093,CIVIL101,Internal 1,100,73
T2370,S1093,CIVIL105,Internal 2,100,73
T2371,S1093,CIVIL102,Model Exam,100,73
T2372,S1093,CIVIL101,Final Internal,100,73
T2373,S1094,CSE103,Internal 1,100,73
T2374,S1094,CSE101,Internal 2,100,73
T2375,S1094,CSE104,Model Exam,100,73
T2376,S1094,CSE105,Final Internal,100,73
T2377,S1095,CSE103,Internal 1,100,45
T2378,S1095,CSE104,Internal 2,100,41
T2379,S1095,CSE105,Model Exam,100,40
T2380,S1095,CSE104,Final Internal,100,36
T2381,S1096,ECE102,Internal 1,100,45
T2382,S1096,ECE105,Internal 2,100,42
T2383,S1096,ECE103,Model Exam,100,37
T2384,S1096,ECE102,Final Internal,100,35
T2385,S1097,MECH101,Internal 1,100,74
T2386,S1097,MECH105,Internal 2,100,74
T2387,S1097,MECH102,Model Exam,100,74
T2388,S1097,MECH102,Final Internal,100,74
T2389,S1098,CIVIL104,Internal 1,100,70
T2390,S1098,CIVIL102,Internal 2,100,70
T2391,S1098,CIVIL104,Model Exam,100,70
T2392,S1098,CIVIL103,Final Internal,100,70
T2393,S1099,ECE104,Internal 1,100,83
T2394,S1099,ECE103,Internal 2,100,83
T2395,S1099,ECE105,Model Exam,100,83
T2396,S1099,ECE104,Final Internal,100,83
T2397,S1100,EEE104,Internal 1,100,46
T2398,S1100,EEE101,Internal 2,100,44
T2399,S1100,EEE103,Model Exam,100,41
T2400,S1100,EEE104,Final Internal,100,40
T2401,S1101,MECH102,Internal 1,100,70
T2402,S1101,MECH102,Internal 2,100,70
T2403,S1101,MECH101,Model Exam,100,70
T2404,S1101,MECH102,Final Internal,100,70
T2405,S1102,EEE103,Internal 1,100,55
T2406,S1102,EEE102,Internal 2,100,54
T2407,S1102,EEE104,Model Exam,100,52
T2408,S1102,EEE105,Final Internal,100,48
T2409,S1103,CIVIL105,Internal 1,100,85
T2410,S1103,CIVIL104,Internal 2,100,85
T2411,S1103,CIVIL104,Model Exam,100,85
T2412,S1103,CIVIL105,Final Internal,100,85
T2413,S1104,EEE101,Internal 1,100,85
T2414,S1104,EEE101,Internal 2,100,85
T2415,S1104,EEE101,Model Exam,100,85
T2416,S1104,EEE101,Final Internal,100,85
T2417,S1105,CIVIL105,Internal 1,100,66
T2418,S1105,CIVIL103,Internal 2,100,66
T2419,S1105,CIVIL104,Model Exam,100,66
T2420,S1105,CIVIL101,Final Internal,100,66
T2421,S1106,CIVIL104,Internal 1,100,91
T2422,S1106,CIVIL103,Internal 2,100,91
T2423,S1106,CIVIL101,Model Exam,100,91
T2424,S1106,CIVIL105,Final Internal,100,91
T2425,S1107,CIVIL101,Internal 1,100,35
T2426,S1107,CIVIL102,Internal 2,100,35
T2427,S1107,CIVIL105,Model Exam,100,35
T2428,S1107,CIVIL104,Final Internal,100,35
T2429,S1108,EEE101,Internal 1,100,78
T2430,S1108,EEE105,Internal 2,100,78
T2431,S1108,EEE104,Model Exam,100,78
T2432,S1108,EEE102,Final Internal,100,78
T2433,S1109,CSE104,Internal 1,100,88
T2434,S1109,CSE105,Internal 2,100,88
T2435,S1109,CSE103,Model Exam,100,88
T2436,S1109,CSE102,Final Internal,100,88
T2437,S1110,CIVIL105,Internal 1,100,50
T2438,S1110,CIVIL103,Internal 2,100,47
T2439,S1110,CIVIL102,Model Exam,100,43
T2440,S1110,CIVIL101,Final Internal,100,41
T2441,S1111,CIVIL101,Internal 1,100,75
T2442,S1111,CIVIL103,Internal 2,100,75
T2443,S1111,CIVIL102,Model Exam,100,75
T2444,S1111,CIVIL101,Final Internal,100,75
T2445,S1112,CSE105,Internal 1,100,78
T2446,S1112,CSE102,Internal 2,100,78
T2447,S1112,CSE101,Model Exam,100,78
T2448,S1112,CSE101,Final Internal,100,78
T2449,S1113,CIVIL101,Internal 1,100,84
T2450,S1113,CIVIL104,Internal 2,100,84
T2451,S1113,CIVIL102,Model Exam,100,84
T2452,S1113,CIVIL105,Final Internal,100,84
T2453,S1114,CIVIL102,Internal 1,100,93
T2454,S1114,CIVIL102,Internal 2,100,93
T2455,S1114,CIVIL105,Model Exam,100,93
T2456,S1114,CIVIL101,Final Internal,100,93
T2457,S1115,CSE104,Internal 1,100,70
T2458,S1115,CSE105,Internal 2,100,70
T2459,S1115,CSE103,Model Exam,100,70
T2460,S1115,CSE101,Final Internal,100,70
T2461,S1116,CIVIL104,Internal 1,100,56
T2462,S1116,CIVIL101,Internal 2,100,51
T2463,S1116,CIVIL104,Model Exam,100,47
T2464,S1116,CIVIL102,Final Internal,100,44
T2465,S1117,CSE105,Internal 1,100,37
T2466,S1117,CSE102,Internal 2,100,35
T2467,S1117,CSE105,Model Exam,100,35
T2468,S1117,CSE105,Final Internal,100,35
T2469,S1118,MECH105,Internal 1,100,57
T2470,S1118,MECH102,Internal 2,100,55
T2471,S1118,MECH105,Model Exam,100,51
T2472,S1118,MECH102,Final Internal,100,49
T2473,S1119,EEE101,Internal 1,100,95
T2474,S1119,EEE103,Internal 2,100,95
T2475,S1119,EEE101,Model Exam,100,95
T2476,S1119,EEE101,Final Internal,100,95
T2477,S1120,MECH105,Internal 1,100,41
T2478,S1120,MECH105,Internal 2,100,37
T2479,S1120,MECH102,Model Exam,100,36
T2480,S1120,MECH104,Final Internal,100,35
T2481,S1121,CSE105,Internal 1,100,78
T2482,S1121,CSE104,Internal 2,100,78
T2483,S1121,CSE105,Model Exam,100,78
T2484,S1121,CSE103,Final Internal,100,78
T2485,S1122,EEE102,Internal 1,100,48
T2486,S1122,EEE105,Internal 2,100,48
T2487,S1122,EEE104,Model Exam,100,48
T2488,S1122,EEE101,Final Internal,100,48
T2489,S1123,MECH101,Internal 1,100,82
T2490,S1123,MECH105,Internal 2,100,82
T2491,S1123,MECH103,Model Exam,100,82
T2492,S1123,MECH101,Final Internal,100,82
T2493,S1124,EEE104,Internal 1,100,68
T2494,S1124,EEE104,Internal 2,100,68
T2495,S1124,EEE103,Model Exam,100,68
T2496,S1124,EEE102,Final Internal,100,68
T2497,S1125,EEE101,Internal 1,100,88
T2498,S1125,EEE101,Internal 2,100,88
T2499,S1125,EEE105,Model Exam,100,88
T2500,S1125,EEE104,Final Internal,100,88
T2501,S1126,ECE104,Internal 1,100,81
T2502,S1126,ECE102,Internal 2,100,81
T2503,S1126,ECE101,Model Exam,100,81
T2504,S1126,ECE105,Final Internal,100,81
T2505,S1127,EEE103,Internal 1,100,89
T2506,S1127,EEE105,Internal 2,100,89
T2507,S1127,EEE103,Model Exam,100,89
T2508,S1127,EEE101,Final Internal,100,89
T2509,S1128,CIVIL101,Internal 1,100,83
T2510,S1128,CIVIL103,Internal 2,100,83
T2511,S1128,CIVIL104,Model Exam,100,83
T2512,S1128,CIVIL102,Final Internal,100,83
T2513,S1129,EEE105,Internal 1,100,37
T2514,S1129,EEE104,Internal 2,100,35
T2515,S1129,EEE102,Model Exam,100,35
T2516,S1129,EEE104,Final Internal,100,35
T2517,S1130,ECE105,Internal 1,100,76
T2518,S1130,ECE104,Internal 2,100,76
T2519,S1130,ECE103,Model Exam,100,76
T2520,S1130,ECE101,Final Internal,100,76
T2521,S1131,CIVIL105,Internal 1,100,48
T2522,S1131,CIVIL101,Internal 2,100,46
T2523,S1131,CIVIL105,Model Exam,100,41
T2524,S1131,CIVIL105,Final Internal,100,39
T2525,S1132,ECE103,Internal 1,100,35
T2526,S1132,ECE105,Internal 2,100,35
T2527,S1132,ECE101,Model Exam,100,35
T2528,S1132,ECE102,Final Internal,100,35
T2529,S1133,MECH105,Internal 1,100,65
T2530,S1133,MECH105,Internal 2,100,65
T2531,S1133,MECH104,Model Exam,100,65
T2532,S1133,MECH101,Final Internal,100,65
T2533,S1134,ECE103,Internal 1,100,78
T2534,S1134,ECE103,Internal 2,100,78
T2535,S1134,ECE102,Model Exam,100,78
T2536,S1134,ECE102,Final Internal,100,78
T2537,S1135,ECE103,Internal 1,100,53
T2538,S1135,ECE104,Internal 2,100,52
T2539,S1135,ECE104,Model Exam,100,48
T2540,S1135,ECE103,Final Internal,100,43
T2541,S1136,CIVIL105,Internal 1,100,87
T2542,S1136,CIVIL102,Internal 2,100,87
T2543,S1136,CIVIL104,Model Exam,100,87
T2544,S1136,CIVIL104,Final Internal,100,87
T2545,S1137,MECH101,Internal 1,100,83
T2546,S1137,MECH101,Internal 2,100,83
T2547,S1137,MECH104,Model Exam,100,83
T2548,S1137,MECH101,Final Internal,100,83
T2549,S1138,EEE101,Internal 1,100,73
T2550,S1138,EEE101,Internal 2,100,73
T2551,S1138,EEE101,Model Exam,100,73
T2552,S1138,EEE101,Final Internal,100,73
T2553,S1139,CSE103,Internal 1,100,87
T2554,S1139,CSE101,Internal 2,100,87
T2555,S1139,CSE101,Model Exam,100,87
T2556,S1139,CSE105,Final Internal,100,87
T2557,S1140,CIVIL103,Internal 1,100,79
T2558,S1140,CIVIL102,Internal 2,100,79
T2559,S1140,CIVIL101,Model Exam,100,79
T2560,S1140,CIVIL103,Final Internal,100,79
T2561,S1141,ECE102,Internal 1,100,76
T2562,S1141,ECE102,Internal 2,100,76
T2563,S1141,ECE103,Model Exam,100,76
T2564,S1141,ECE102,Final Internal,100,76
T2565,S1142,CIVIL103,Internal 1,100,81
T2566,S1142,CIVIL102,Internal 2,100,81
T2567,S1142,CIVIL101,Model Exam,100,81
T2568,S1142,CIVIL101,Final Internal,100,81
T2569,S1143,EEE104,Internal 1,100,88
T2570,S1143,EEE104,Internal 2,100,88
T2571,S1143,EEE101,Model Exam,100,88
T2572,S1143,EEE101,Final Internal,100,88
T2573,S1144,ECE105,Internal 1,100,86
T2574,S1144,ECE103,Internal 2,100,86
T2575,S1144,ECE101,Model Exam,100,86
T2576,S1144,ECE101,Final Internal,100,86
T2577,S1145,MECH105,Internal 1,100,35
T2578,S1145,MECH104,Internal 2,100,35
T2579,S1145,MECH102,Model Exam,100,35
T2580,S1145,MECH102,Final Internal,100,35
T2581,S1146,ECE101,Internal 1,100,84
T2582,S1146,ECE103,Internal 2,100,84
T2583,S1146,ECE103,Model Exam,100,84
T2584,S1146,ECE102,Final Internal,100,84
T2585,S1147,CSE104,Internal 1,100,74
T2586,S1147,CSE102,Internal 2,100,74
T2587,S1147,CSE103,Model Exam,100,74
T2588,S1147,CSE104,Final Internal,100,74
T2589,S1148,EEE104,Internal 1,100,50
T2590,S1148,EEE104,Internal 2,100,47
T2591,S1148,EEE104,Model Exam,100,44
T2592,S1148,EEE102,Final Internal,100,42
T2593,S1149,ECE101,Internal 1,100,87
T2594,S1149,ECE105,Internal 2,100,87
T2595,S1149,ECE101,Model Exam,100,87
T2596,S1149,ECE103,Final Internal,100,87
T2597,S1150,ECE104,Internal 1,100,74
T2598,S1150,ECE104,Internal 2,100,74
T2599,S1150,ECE102,Model Exam,100,74
T2600,S1150,ECE104,Final Internal,100,74
T2601,S1151,CSE105,Internal 1,100,63
T2602,S1151,CSE105,Internal 2,100,63
T2603,S1151,CSE102,Model Exam,100,63
T2604,S1151,CSE104,Final Internal,100,63
T2605,S1152,CIVIL101,Internal 1,100,89
T2606,S1152,CIVIL102,Internal 2,100,89
T2607,S1152,CIVIL102,Model Exam,100,89
T2608,S1152,CIVIL102,Final Internal,100,89
T2609,S1153,CSE105,Internal 1,100,92
T2610,S1153,CSE105,Internal 2,100,92
T2611,S1153,CSE105,Model Exam,100,92
T2612,S1153,CSE101,Final Internal,100,92
T2613,S1154,CIVIL103,Internal 1,100,88
T2614,S1154,CIVIL104,Internal 2,100,88
T2615,S1154,CIVIL103,Model Exam,100,88
T2616,S1154,CIVIL102,Final Internal,100,88
T2617,S1155,ECE102,Internal 1,100,87
T2618,S1155,ECE101,Internal 2,100,87
T2619,S1155,ECE101,Model Exam,100,87
T2620,S1155,ECE102,Final Internal,100,87
T2621,S1156,CSE105,Internal 1,100,83
T2622,S1156,CSE101,Internal 2,100,83
T2623,S1156,CSE101,Model Exam,100,83
T2624,S1156,CSE102,Final Internal,100,83
T2625,S1157,CIVIL103,Internal 1,100,69
T2626,S1157,CIVIL103,Internal 2,100,69
T2627,S1157,CIVIL103,Model Exam,100,69
T2628,S1157,CIVIL102,Final Internal,100,69
T2629,S1158,ECE102,Internal 1,100,65
T2630,S1158,ECE104,Internal 2,100,65
T2631,S1158,ECE103,Model Exam,100,65
T2632,S1158,ECE101,Final Internal,100,65
T2633,S1159,CSE105,Internal 1,100,66
T2634,S1159,CSE105,Internal 2,100,66
T2635,S1159,CSE102,Model Exam,100,66
T2636,S1159,CSE103,Final Internal,100,66
T2637,S1160,EEE101,Internal 1,100,58
T2638,S1160,EEE104,Internal 2,100,58
T2639,S1160,EEE105,Model Exam,100,58
T2640,S1160,EEE101,Final Internal,100,58
T2641,S1161,EEE101,Internal 1,100,78
T2642,S1161,EEE101,Internal 2,100,78
T2643,S1161,EEE102,Model Exam,100,78
T2644,S1161,EEE101,Final Internal,100,78
T2645,S1162,MECH101,Internal 1,100,77
T2646,S1162,MECH102,Internal 2,100,77
T2647,S1162,MECH102,Model Exam,100,77
T2648,S1162,MECH103,Final Internal,100,77
T2649,S1163,EEE104,Internal 1,100,40
T2650,S1163,EEE105,Internal 2,100,38
T2651,S1163,EEE105,Model Exam,100,35
T2652,S1163,EEE101,Final Internal,100,35
T2653,S1164,CIVIL105,Internal 1,100,50
T2654,S1164,CIVIL102,Internal 2,100,47
T2655,S1164,CIVIL103,Model Exam,100,42
T2656,S1164,CIVIL104,Final Internal,100,40
T2657,S1165,CIVIL104,Internal 1,100,67
T2658,S1165,CIVIL101,Internal 2,100,67
T2659,S1165,CIVIL102,Model Exam,100,67
T2660,S1165,CIVIL101,Final Internal,100,67
T2661,S1166,EEE101,Internal 1,100,83
T2662,S1166,EEE105,Internal 2,100,83
T2663,S1166,EEE105,Model Exam,100,83
T2664,S1166,EEE103,Final Internal,100,83
T2665,S1167,CIVIL104,Internal 1,100,69
T2666,S1167,CIVIL104,Internal 2,100,69
T2667,S1167,CIVIL101,Model Exam,100,69
T2668,S1167,CIVIL102,Final Internal,100,69
T2669,S1168,MECH105,Internal 1,100,66
T2670,S1168,MECH101,Internal 2,100,66
T2671,S1168,MECH103,Model Exam,100,66
T2672,S1168,MECH102,Final Internal,100,66
T2673,S1169,CIVIL104,Internal 1,100,35
T2674,S1169,CIVIL103,Internal 2,100,35
T2675,S1169,CIVIL103,Model Exam,100,35
T2676,S1169,CIVIL105,Final Internal,100,35
T2677,S1170,MECH101,Internal 1,100,70
T2678,S1170,MECH102,Internal 2,100,70
T2679,S1170,MECH104,Model Exam,100,70
T2680,S1170,MECH103,Final Internal,100,70
T2681,S1171,EEE105,Internal 1,100,35
T2682,S1171,EEE101,Internal 2,100,35
T2683,S1171,EEE103,Model Exam,100,35
T2684,S1171,EEE103,Final Internal,100,35
T2685,S1172,ECE102,Internal 1,100,56
T2686,S1172,ECE103,Internal 2,100,53
T2687,S1172,ECE101,Model Exam,100,48
T2688,S1172,ECE104,Final Internal,100,45
T2689,S1173,CIVIL101,Internal 1,100,41
T2690,S1173,CIVIL104,Internal 2,100,41
T2691,S1173,CIVIL101,Model Exam,100,41
T2692,S1173,CIVIL105,Final Internal,100,41
T2693,S1174,ECE104,Internal 1,100,68
T2694,S1174,ECE101,Internal 2,100,68
T2695,S1174,ECE105,Model Exam,100,68
T2696,S1174,ECE104,Final Internal,100,68
T2697,S1175,CIVIL103,Internal 1,100,35
T2698,S1175,CIVIL101,Internal 2,100,35
T2699,S1175,CIVIL105,Model Exam,100,35
T2700,S1175,CIVIL101,Final Internal,100,35
T2701,S1176,CIVIL102,Internal 1,100,49
T2702,S1176,CIVIL102,Internal 2,100,44
T2703,S1176,CIVIL103,Model Exam,100,39
T2704,S1176,CIVIL104,Final Internal,100,35
T2705,S1177,CIVIL103,Internal 1,100,81
T2706,S1177,CIVIL105,Internal 2,100,81
T2707,S1177,CIVIL104,Model Exam,100,81
T2708,S1177,CIVIL101,Final Internal,100,81
T2709,S1178,CSE101,Internal 1,100,93
T2710,S1178,CSE101,Internal 2,100,93
T2711,S1178,CSE105,Model Exam,100,93
T2712,S1178,CSE105,Final Internal,100,93
T2713,S1179,EEE102,Internal 1,100,51
T2714,S1179,EEE101,Internal 2,100,48
T2715,S1179,EEE102,Model Exam,100,43
T2716,S1179,EEE105,Final Internal,100,41
T2717,S1180,CIVIL105,Internal 1,100,65
T2718,S1180,CIVIL101,Internal 2,100,65
T2719,S1180,CIVIL101,Model Exam,100,65
T2720,S1180,CIVIL101,Final Internal,100,65
T2721,S1181,CIVIL102,Internal 1,100,71
T2722,S1181,CIVIL104,Internal 2,100,71
T2723,S1181,CIVIL104,Model Exam,100,71
T2724,S1181,CIVIL103,Final Internal,100,71
T2725,S1182,EEE102,Internal 1,100,57
T2726,S1182,EEE105,Internal 2,100,54
T2727,S1182,EEE105,Model Exam,100,53
T2728,S1182,EEE103,Final Internal,100,48
T2729,S1183,CSE101,Internal 1,100,83
T2730,S1183,CSE105,Internal 2,100,83
T2731,S1183,CSE103,Model Exam,100,83
T2732,S1183,CSE103,Final Internal,100,83
T2733,S1184,CSE102,Internal 1,100,98
T2734,S1184,CSE104,Internal 2,100,98
T2735,S1184,CSE101,Model Exam,100,98
T2736,S1184,CSE101,Final Internal,100,98
T2737,S1185,CIVIL103,Internal 1,100,48
T2738,S1185,CIVIL103,Internal 2,100,43
T2739,S1185,CIVIL105,Model Exam,100,39
T2740,S1185,CIVIL102,Final Internal,100,35
T2741,S1186,CSE103,Internal 1,100,68
T2742,S1186,CSE103,Internal 2,100,68
T2743,S1186,CSE103,Model Exam,100,68
T2744,S1186,CSE104,Final Internal,100,68
T2745,S1187,EEE102,Internal 1,100,77
T2746,S1187,EEE101,Internal 2,100,77
T2747,S1187,EEE105,Model Exam,100,77
T2748,S1187,EEE105,Final Internal,100,77
T2749,S1188,ECE103,Internal 1,100,63
T2750,S1188,ECE103,Internal 2,100,63
T2751,S1188,ECE102,Model Exam,100,63
T2752,S1188,ECE104,Final Internal,100,63
T2753,S1189,EEE103,Internal 1,100,70
T2754,S1189,EEE104,Internal 2,100,70
T2755,S1189,EEE104,Model Exam,100,70
T2756,S1189,EEE103,Final Internal,100,70
T2757,S1190,EEE105,Internal 1,100,47
T2758,S1190,EEE105,Internal 2,100,45
T2759,S1190,EEE101,Model Exam,100,40
T2760,S1190,EEE104,Final Internal,100,38
T2761,S1191,EEE102,Internal 1,100,89
T2762,S1191,EEE103,Internal 2,100,89
T2763,S1191,EEE102,Model Exam,100,89
T2764,S1191,EEE105,Final Internal,100,89
T2765,S1192,MECH104,Internal 1,100,67
T2766,S1192,MECH102,Internal 2,100,67
T2767,S1192,MECH103,Model Exam,100,67
T2768,S1192,MECH102,Final Internal,100,67
T2769,S1193,ECE104,Internal 1,100,98
T2770,S1193,ECE102,Internal 2,100,98
T2771,S1193,ECE102,Model Exam,100,98
T2772,S1193,ECE101,Final Internal,100,98
T2773,S1194,EEE103,Internal 1,100,37
T2774,S1194,EEE103,Internal 2,100,36
T2775,S1194,EEE102,Model Exam,100,35
T2776,S1194,EEE102,Final Internal,100,35
T2777,S1195,EEE105,Internal 1,100,69
T2778,S1195,EEE102,Internal 2,100,69
T2779,S1195,EEE102,Model Exam,100,69
T2780,S1195,EEE101,Final Internal,100,69
T2781,S1196,EEE104,Internal 1,100,82
T2782,S1196,EEE105,Internal 2,100,82
T2783,S1196,EEE102,Model Exam,100,82
T2784,S1196,EEE105,Final Internal,100,82
T2785,S1197,ECE102,Internal 1,100,70
T2786,S1197,ECE101,Internal 2,100,70
T2787,S1197,ECE102,Model Exam,100,70
T2788,S1197,ECE101,Final Internal,100,70
T2789,S1198,MECH101,Internal 1,100,81
T2790,S1198,MECH104,Internal 2,100,81
T2791,S1198,MECH103,Model Exam,100,81
T2792,S1198,MECH104,Final Internal,100,81
T2793,S1199,CIVIL103,Internal 1,100,85
T2794,S1199,CIVIL105,Internal 2,100,85
T2795,S1199,CIVIL104,Model Exam,100,85
T2796,S1199,CIVIL105,Final Internal,100,85
T2797,S1200,MECH101,Internal 1,100,82
T2798,S1200,MECH101,Internal 2,100,82
T2799,S1200,MECH104,Model Exam,100,82
T2800,S1200,MECH103,Final Internal,100,82
T2801,S1201,CIVIL101,Internal 1,100,41
T2802,S1201,CIVIL105,Internal 2,100,37
T2803,S1201,CIVIL101,Model Exam,100,35
T2804,S1201,CIVIL101,Final Internal,100,35
T2805,S1202,CSE104,Internal 1,100,45
T2806,S1202,CSE104,Internal 2,100,43
T2807,S1202,CSE104,Model Exam,100,39
T2808,S1202,CSE101,Final Internal,100,35
T2809,S1203,EEE103,Internal 1,100,48
T2810,S1203,EEE102,Internal 2,100,48
T2811,S1203,EEE105,Model Exam,100,48
T2812,S1203,EEE104,Final Internal,100,48
T2813,S1204,MECH103,Internal 1,100,35
T2814,S1204,MECH101,Internal 2,100,35
T2815,S1204,MECH103,Model Exam,100,35
T2816,S1204,MECH102,Final Internal,100,35
T2817,S1205,CIVIL102,Internal 1,100,80
T2818,S1205,CIVIL102,Internal 2,100,80
T2819,S1205,CIVIL102,Model Exam,100,80
T2820,S1205,CIVIL102,Final Internal,100,80
T2821,S1206,ECE104,Internal 1,100,66
T2822,S1206,ECE102,Internal 2,100,66
T2823,S1206,ECE102,Model Exam,100,66
T2824,S1206,ECE102,Final Internal,100,66
T2825,S1207,CIVIL102,Internal 1,100,95
T2826,S1207,CIVIL105,Internal 2,100,95
T2827,S1207,CIVIL104,Model Exam,100,95
T2828,S1207,CIVIL105,Final Internal,100,95
T2829,S1208,MECH102,Internal 1,100,78
T2830,S1208,MECH105,Internal 2,100,78
T2831,S1208,MECH104,Model Exam,100,78
T2832,S1208,MECH102,Final Internal,100,78
T2833,S1209,EEE101,Internal 1,100,67
T2834,S1209,EEE101,Internal 2,100,67
T2835,S1209,EEE103,Model Exam,100,67
T2836,S1209,EEE103,Final Internal,100,67
T2837,S1210,EEE102,Internal 1,100,93
T2838,S1210,EEE103,Internal 2,100,93
T2839,S1210,EEE101,Model Exam,100,93
T2840,S1210,EEE103,Final Internal,100,93
T2841,S1211,ECE101,Internal 1,100,100
T2842,S1211,ECE102,Internal 2,100,100
T2843,S1211,ECE101,Model Exam,100,100
T2844,S1211,ECE103,Final Internal,100,100
T2845,S1212,MECH103,Internal 1,100,83
T2846,S1212,MECH103,Internal 2,100,83
T2847,S1212,MECH105,Model Exam,100,83
T2848,S1212,MECH103,Final Internal,100,83
T2849,S1213,MECH102,Internal 1,100,35
T2850,S1213,MECH101,Internal 2,100,35
T2851,S1213,MECH104,Model Exam,100,35
T2852,S1213,MECH101,Final Internal,100,35
T2853,S1214,EEE101,Internal 1,100,74
T2854,S1214,EEE104,Internal 2,100,74
T2855,S1214,EEE102,Model Exam,100,74
T2856,S1214,EEE103,Final Internal,100,74
T2857,S1215,CSE104,Internal 1,100,41
T2858,S1215,CSE101,Internal 2,100,41
T2859,S1215,CSE101,Model Exam,100,41
T2860,S1215,CSE103,Final Internal,100,41
T2861,S1216,CSE101,Internal 1,100,71
T2862,S1216,CSE105,Internal 2,100,71
T2863,S1216,CSE102,Model Exam,100,71
T2864,S1216,CSE102,Final Internal,100,71
T2865,S1217,CSE103,Internal 1,100,49
T2866,S1217,CSE101,Internal 2,100,46
T2867,S1217,CSE101,Model Exam,100,44
T2868,S1217,CSE101,Final Internal,100,39
T2869,S1218,CIVIL103,Internal 1,100,70
T2870,S1218,CIVIL105,Internal 2,100,70
T2871,S1218,CIVIL101,Model Exam,100,70
T2872,S1218,CIVIL103,Final Internal,100,70
T2873,S1219,MECH104,Internal 1,100,37
T2874,S1219,MECH102,Internal 2,100,35
T2875,S1219,MECH104,Model Exam,100,35
T2876,S1219,MECH101,Final Internal,100,35
T2877,S1220,EEE104,Internal 1,100,69
T2878,S1220,EEE103,Internal 2,100,69
T2879,S1220,EEE103,Model Exam,100,69
T2880,S1220,EEE105,Final Internal,100,69
T2881,S1221,CSE103,Internal 1,100,53
T2882,S1221,CSE103,Internal 2,100,49
T2883,S1221,CSE101,Model Exam,100,44
T2884,S1221,CSE103,Final Internal,100,42
T2885,S1222,EEE102,Internal 1,100,64
T2886,S1222,EEE103,Internal 2,100,64
T2887,S1222,EEE102,Model Exam,100,64
T2888,S1222,EEE102,Final Internal,100,64
T2889,S1223,CIVIL105,Internal 1,100,78
T2890,S1223,CIVIL105,Internal 2,100,78
T2891,S1223,CIVIL105,Model Exam,100,78
T2892,S1223,CIVIL104,Final Internal,100,78
T2893,S1224,CSE105,Internal 1,100,78
T2894,S1224,CSE105,Internal 2,100,78
T2895,S1224,CSE102,Model Exam,100,78
T2896,S1224,CSE101,Final Internal,100,78
T2897,S1225,CIVIL105,Internal 1,100,74
T2898,S1225,CIVIL105,Internal 2,100,74
T2899,S1225,CIVIL103,Model Exam,100,74
T2900,S1225,CIVIL104,Final Internal,100,74
T2901,S1226,MECH102,Internal 1,100,50
T2902,S1226,MECH105,Internal 2,100,47
T2903,S1226,MECH104,Model Exam,100,45
T2904,S1226,MECH104,Final Internal,100,42
T2905,S1227,ECE103,Internal 1,100,35
T2906,S1227,ECE103,Internal 2,100,35
T2907,S1227,ECE105,Model Exam,100,35
T2908,S1227,ECE105,Final Internal,100,35
T2909,S1228,CIVIL102,Internal 1,100,40
T2910,S1228,CIVIL101,Internal 2,100,40
T2911,S1228,CIVIL103,Model Exam,100,40
T2912,S1228,CIVIL105,Final Internal,100,40
T2913,S1229,MECH103,Internal 1,100,35
T2914,S1229,MECH103,Internal 2,100,35
T2915,S1229,MECH101,Model Exam,100,35
T2916,S1229,MECH103,Final Internal,100,35
T2917,S1230,CSE103,Internal 1,100,87
T2918,S1230,CSE103,Internal 2,100,87
T2919,S1230,CSE103,Model Exam,100,87
T2920,S1230,CSE105,Final Internal,100,87
T2921,S1231,MECH105,Internal 1,100,87
T2922,S1231,MECH105,Internal 2,100,87
T2923,S1231,MECH101,Model Exam,100,87
T2924,S1231,MECH101,Final Internal,100,87
T2925,S1232,ECE103,Internal 1,100,43
T2926,S1232,ECE102,Internal 2,100,41
T2927,S1232,ECE103,Model Exam,100,38
T2928,S1232,ECE102,Final Internal,100,37
T2929,S1233,CIVIL105,Internal 1,100,100
T2930,S1233,CIVIL104,Internal 2,100,100
T2931,S1233,CIVIL102,Model Exam,100,100
T2932,S1233,CIVIL105,Final Internal,100,100
T2933,S1234,ECE101,Internal 1,100,83
T2934,S1234,ECE105,Internal 2,100,83
T2935,S1234,ECE104,Model Exam,100,83
T2936,S1234,ECE103,Final Internal,100,83
T2937,S1235,EEE105,Internal 1,100,76
T2938,S1235,EEE104,Internal 2,100,76
T2939,S1235,EEE103,Model Exam,100,76
T2940,S1235,EEE104,Final Internal,100,76
T2941,S1236,EEE105,Internal 1,100,92
T2942,S1236,EEE101,Internal 2,100,92
T2943,S1236,EEE101,Model Exam,100,92
T2944,S1236,EEE104,Final Internal,100,92
T2945,S1237,CIVIL103,Internal 1,100,73
T2946,S1237,CIVIL102,Internal 2,100,73
T2947,S1237,CIVIL103,Model Exam,100,73
T2948,S1237,CIVIL102,Final Internal,100,73
T2949,S1238,CSE103,Internal 1,100,95
T2950,S1238,CSE105,Internal 2,100,95
T2951,S1238,CSE101,Model Exam,100,95
T2952,S1238,CSE104,Final Internal,100,95
T2953,S1239,EEE105,Internal 1,100,48
T2954,S1239,EEE101,Internal 2,100,48
T2955,S1239,EEE101,Model Exam,100,48
T2956,S1239,EEE103,Final Internal,100,48
T2957,S1240,CIVIL101,Internal 1,100,41
T2958,S1240,CIVIL103,Internal 2,100,38
T2959,S1240,CIVIL102,Model Exam,100,35
T2960,S1240,CIVIL105,Final Internal,100,35
T2961,S1241,MECH101,Internal 1,100,36
T2962,S1241,MECH102,Internal 2,100,35
T2963,S1241,MECH101,Model Exam,100,35
T2964,S1241,MECH104,Final Internal,100,35
T2965,S1242,ECE104,Internal 1,100,71
T2966,S1242,ECE104,Internal 2,100,71
T2967,S1242,ECE103,Model Exam,100,71
T2968,S1242,ECE102,Final Internal,100,71
T2969,S1243,EEE105,Internal 1,100,66
T2970,S1243,EEE102,Internal 2,100,66
T2971,S1243,EEE101,Model Exam,100,66
T2972,S1243,EEE105,Final Internal,100,66
T2973,S1244,ECE105,Internal 1,100,51
T2974,S1244,ECE105,Internal 2,100,48
T2975,S1244,ECE104,Model Exam,100,47
T2976,S1244,ECE102,Final Internal,100,43
T2977,S1245,MECH103,Internal 1,100,98
T2978,S1245,MECH102,Internal 2,100,98
T2979,S1245,MECH101,Model Exam,100,98
T2980,S1245,MECH101,Final Internal,100,98
T2981,S1246,CSE101,Internal 1,100,93
T2982,S1246,CSE105,Internal 2,100,93
T2983,S1246,CSE104,Model Exam,100,93
T2984,S1246,CSE105,Final Internal,100,93
T2985,S1247,CSE102,Internal 1,100,76
T2986,S1247,CSE101,Internal 2,100,76
T2987,S1247,CSE105,Model Exam,100,76
T2988,S1247,CSE105,Final Internal,100,76
T2989,S1248,CIVIL104,Internal 1,100,78
T2990,S1248,CIVIL105,Internal 2,100,78
T2991,S1248,CIVIL104,Model Exam,100,78
T2992,S1248,CIVIL104,Final Internal,100,78
T2993,S1249,CIVIL103,Internal 1,100,81
T2994,S1249,CIVIL102,Internal 2,100,81
T2995,S1249,CIVIL101,Model Exam,100,81
T2996,S1249,CIVIL104,Final Internal,100,81
T2997,S1250,EEE105,Internal 1,100,35
T2998,S1250,EEE103,Internal 2,100,35
T2999,S1250,EEE103,Model Exam,100,35
T3000,S1250,EEE102,Final Internal,100,35
T3001,S1251,CSE103,Internal 1,100,68
T3002,S1251,CSE105,Internal 2,100,68
T3003,S1251,CSE105,Model Exam,100,68
T3004,S1251,CSE102,Final Internal,100,68
T3005,S1252,CIVIL105,Internal 1,100,43
T3006,S1252,CIVIL101,Internal 2,100,41
T3007,S1252,CIVIL103,Model Exam,100,36
T3008,S1252,CIVIL102,Final Internal,100,35
T3009,S1253,MECH105,Internal 1,100,97
T3010,S1253,MECH105,Internal 2,100,97
T3011,S1253,MECH102,Model Exam,100,97
T3012,S1253,MECH105,Final Internal,100,97
T3013,S1254,CSE104,Internal 1,100,74
T3014,S1254,CSE103,Internal 2,100,74
T3015,S1254,CSE102,Model Exam,100,74
T3016,S1254,CSE101,Final Internal,100,74
T3017,S1255,ECE105,Internal 1,100,83
T3018,S1255,ECE104,Internal 2,100,83
T3019,S1255,ECE102,Model Exam,100,83
T3020,S1255,ECE103,Final Internal,100,83
T3021,S1256,CSE104,Internal 1,100,73
T3022,S1256,CSE104,Internal 2,100,73
T3023,S1256,CSE105,Model Exam,100,73
T3024,S1256,CSE103,Final Internal,100,73
T3025,S1257,MECH103,Internal 1,100,74
T3026,S1257,MECH105,Internal 2,100,74
T3027,S1257,MECH104,Model Exam,100,74
T3028,S1257,MECH105,Final Internal,100,74
T3029,S1258,CSE101,Internal 1,100,71
T3030,S1258,CSE101,Internal 2,100,71
T3031,S1258,CSE104,Model Exam,100,71
T3032,S1258,CSE104,Final Internal,100,71
T3033,S1259,ECE101,Internal 1,100,40
T3034,S1259,ECE102,Internal 2,100,38
T3035,S1259,ECE101,Model Exam,100,36
T3036,S1259,ECE104,Final Internal,100,35
T3037,S1260,ECE102,Internal 1,100,69
T3038,S1260,ECE104,Internal 2,100,69
T3039,S1260,ECE103,Model Exam,100,69
T3040,S1260,ECE102,Final Internal,100,69
T3041,S1261,ECE101,Internal 1,100,56
T3042,S1261,ECE105,Internal 2,100,53
T3043,S1261,ECE104,Model Exam,100,52
T3044,S1261,ECE105,Final Internal,100,51
T3045,S1262,CSE104,Internal 1,100,67
T3046,S1262,CSE102,Internal 2,100,67
T3047,S1262,CSE105,Model Exam,100,67
T3048,S1262,CSE105,Final Internal,100,67
T3049,S1263,MECH105,Internal 1,100,46
T3050,S1263,MECH101,Internal 2,100,44
T3051,S1263,MECH102,Model Exam,100,40
T3052,S1263,MECH103,Final Internal,100,36
T3053,S1264,CIVIL103,Internal 1,100,70
T3054,S1264,CIVIL101,Internal 2,100,70
T3055,S1264,CIVIL103,Model Exam,100,70
T3056,S1264,CIVIL101,Final Internal,100,70
T3057,S1265,ECE102,Internal 1,100,95
T3058,S1265,ECE102,Internal 2,100,95
T3059,S1265,ECE104,Model Exam,100,95
T3060,S1265,ECE102,Final Internal,100,95
T3061,S1266,MECH104,Internal 1,100,44
T3062,S1266,MECH102,Internal 2,100,39
T3063,S1266,MECH105,Model Exam,100,38
T3064,S1266,MECH101,Final Internal,100,35
T3065,S1267,MECH105,Internal 1,100,83
T3066,S1267,MECH102,Internal 2,100,83
T3067,S1267,MECH104,Model Exam,100,83
T3068,S1267,MECH103,Final Internal,100,83
T3069,S1268,CSE101,Internal 1,100,65
T3070,S1268,CSE102,Internal 2,100,65
T3071,S1268,CSE102,Model Exam,100,65
T3072,S1268,CSE101,Final Internal,100,65
T3073,S1269,CSE104,Internal 1,100,80
T3074,S1269,CSE101,Internal 2,100,80
T3075,S1269,CSE103,Model Exam,100,80
T3076,S1269,CSE102,Final Internal,100,80
T3077,S1270,MECH101,Internal 1,100,57
T3078,S1270,MECH101,Internal 2,100,54
T3079,S1270,MECH102,Model Exam,100,53
T3080,S1270,MECH104,Final Internal,100,49
T3081,S1271,MECH101,Internal 1,100,54
T3082,S1271,MECH105,Internal 2,100,54
T3083,S1271,MECH101,Model Exam,100,54
T3084,S1271,MECH104,Final Internal,100,54
T3085,S1272,MECH104,Internal 1,100,80
T3086,S1272,MECH101,Internal 2,100,80
T3087,S1272,MECH101,Model Exam,100,80
T3088,S1272,MECH105,Final Internal,100,80
T3089,S1273,CSE105,Internal 1,100,67
T3090,S1273,CSE102,Internal 2,100,67
T3091,S1273,CSE101,Model Exam,100,67
T3092,S1273,CSE101,Final Internal,100,67
T3093,S1274,CSE103,Internal 1,100,98
T3094,S1274,CSE104,Internal 2,100,98
T3095,S1274,CSE102,Model Exam,100,98
T3096,S1274,CSE105,Final Internal,100,98
T3097,S1275,CIVIL101,Internal 1,100,78
T3098,S1275,CIVIL104,Internal 2,100,78
T3099,S1275,CIVIL105,Model Exam,100,78
T3100,S1275,CIVIL105,Final Internal,100,78
T3101,S1276,MECH101,Internal 1,100,81
T3102,S1276,MECH103,Internal 2,100,81
T3103,S1276,MECH104,Model Exam,100,81
T3104,S1276,MECH104,Final Internal,100,81
T3105,S1277,CIVIL102,Internal 1,100,51
T3106,S1277,CIVIL105,Internal 2,100,49
T3107,S1277,CIVIL102,Model Exam,100,47
T3108,S1277,CIVIL102,Final Internal,100,45
T3109,S1278,MECH103,Internal 1,100,41
T3110,S1278,MECH102,Internal 2,100,41
T3111,S1278,MECH101,Model Exam,100,41
T3112,S1278,MECH105,Final Internal,100,41
T3113,S1279,ECE101,Internal 1,100,83
T3114,S1279,ECE104,Internal 2,100,83
T3115,S1279,ECE105,Model Exam,100,83
T3116,S1279,ECE105,Final Internal,100,83
T3117,S1280,EEE103,Internal 1,100,88
T3118,S1280,EEE103,Internal 2,100,88
T3119,S1280,EEE104,Model Exam,100,88
T3120,S1280,EEE104,Final Internal,100,88
T3121,S1281,CSE103,Internal 1,100,46
T3122,S1281,CSE102,Internal 2,100,43
T3123,S1281,CSE101,Model Exam,100,38
T3124,S1281,CSE102,Final Internal,100,36
T3125,S1282,CIVIL105,Internal 1,100,69
T3126,S1282,CIVIL102,Internal 2,100,69
T3127,S1282,CIVIL101,Model Exam,100,69
T3128,S1282,CIVIL103,Final Internal,100,69
T3129,S1283,MECH103,Internal 1,100,45
T3130,S1283,MECH103,Internal 2,100,40
T3131,S1283,MECH104,Model Exam,100,35
T3132,S1283,MECH103,Final Internal,100,35
T3133,S1284,CSE103,Internal 1,100,74
T3134,S1284,CSE103,Internal 2,100,74
T3135,S1284,CSE102,Model Exam,100,74
T3136,S1284,CSE101,Final Internal,100,74
T3137,S1285,EEE104,Internal 1,100,90
T3138,S1285,EEE104,Internal 2,100,90
T3139,S1285,EEE105,Model Exam,100,90
T3140,S1285,EEE102,Final Internal,100,90
T3141,S1286,CSE105,Internal 1,100,89
T3142,S1286,CSE104,Internal 2,100,89
T3143,S1286,CSE101,Model Exam,100,89
T3144,S1286,CSE104,Final Internal,100,89
T3145,S1287,EEE104,Internal 1,100,80
T3146,S1287,EEE103,Internal 2,100,80
T3147,S1287,EEE104,Model Exam,100,80
T3148,S1287,EEE101,Final Internal,100,80
T3149,S1288,ECE103,Internal 1,100,86
T3150,S1288,ECE101,Internal 2,100,86
T3151,S1288,ECE103,Model Exam,100,86
T3152,S1288,ECE103,Final Internal,100,86
T3153,S1289,CIVIL101,Internal 1,100,54
T3154,S1289,CIVIL105,Internal 2,100,54
T3155,S1289,CIVIL101,Model Exam,100,54
T3156,S1289,CIVIL105,Final Internal,100,54
T3157,S1290,CSE105,Internal 1,100,69
T3158,S1290,CSE101,Internal 2,100,69
T3159,S1290,CSE105,Model Exam,100,69
T3160,S1290,CSE104,Final Internal,100,69
T3161,S1291,CIVIL102,Internal 1,100,71
T3162,S1291,CIVIL105,Internal 2,100,71
T3163,S1291,CIVIL101,Model Exam,100,71
T3164,S1291,CIVIL103,Final Internal,100,71
T3165,S1292,CSE103,Internal 1,100,74
T3166,S1292,CSE105,Internal 2,100,74
T3167,S1292,CSE104,Model Exam,100,74
T3168,S1292,CSE105,Final Internal,100,74
T3169,S1293,EEE102,Internal 1,100,89
T3170,S1293,EEE102,Internal 2,100,89
T3171,S1293,EEE103,Model Exam,100,89
T3172,S1293,EEE102,Final Internal,100,89
T3173,S1294,MECH103,Internal 1,100,84
T3174,S1294,MECH102,Internal 2,100,84
T3175,S1294,MECH101,Model Exam,100,84
T3176,S1294,MECH102,Final Internal,100,84
T3177,S1295,CIVIL102,Internal 1,100,53
T3178,S1295,CIVIL105,Internal 2,100,51
T3179,S1295,CIVIL101,Model Exam,100,47
T3180,S1295,CIVIL104,Final Internal,100,42
T3181,S1296,EEE104,Internal 1,100,84
T3182,S1296,EEE101,Internal 2,100,84
T3183,S1296,EEE101,Model Exam,100,84
T3184,S1296,EEE101,Final Internal,100,84
T3185,S1297,CSE101,Internal 1,100,68
T3186,S1297,CSE104,Internal 2,100,68
T3187,S1297,CSE102,Model Exam,100,68
T3188,S1297,CSE104,Final Internal,100,68
T3189,S1298,CIVIL102,Internal 1,100,35
T3190,S1298,CIVIL102,Internal 2,100,35
T3191,S1298,CIVIL103,Model Exam,100,35
T3192,S1298,CIVIL105,Final Internal,100,35
T3193,S1299,ECE103,Internal 1,100,84
T3194,S1299,ECE104,Internal 2,100,84
T3195,S1299,ECE102,Model Exam,100,84
T3196,S1299,ECE101,Final Internal,100,84
T3197,S1300,CIVIL102,Internal 1,100,42
T3198,S1300,CIVIL103,Internal 2,100,42
T3199,S1300,CIVIL105,Model Exam,100,42
T3200,S1300,CIVIL104,Final Internal,100,42
T3201,S1301,CIVIL102,Internal 1,100,41
T3202,S1301,CIVIL102,Internal 2,100,40
T3203,S1301,CIVIL103,Model Exam,100,35
T3204,S1301,CIVIL105,Final Internal,100,35
T3205,S1302,CSE104,Internal 1,100,38
T3206,S1302,CSE103,Internal 2,100,35
T3207,S1302,CSE105,Model Exam,100,35
T3208,S1302,CSE101,Final Internal,100,35
T3209,S1303,ECE102,Internal 1,100,49
T3210,S1303,ECE105,Internal 2,100,48
T3211,S1303,ECE105,Model Exam,100,45
T3212,S1303,ECE102,Final Internal,100,43
T3213,S1304,CIVIL103,Internal 1,100,75
T3214,S1304,CIVIL102,Internal 2,100,75
T3215,S1304,CIVIL102,Model Exam,100,75
T3216,S1304,CIVIL101,Final Internal,100,75
T3217,S1305,MECH102,Internal 1,100,86
T3218,S1305,MECH105,Internal 2,100,86
T3219,S1305,MECH105,Model Exam,100,86
T3220,S1305,MECH101,Final Internal,100,86
T3221,S1306,MECH105,Internal 1,100,50
T3222,S1306,MECH104,Internal 2,100,49
T3223,S1306,MECH103,Model Exam,100,46
T3224,S1306,MECH101,Final Internal,100,43
T3225,S1307,CSE104,Internal 1,100,35
T3226,S1307,CSE104,Internal 2,100,35
T3227,S1307,CSE103,Model Exam,100,35
T3228,S1307,CSE102,Final Internal,100,35
T3229,S1308,EEE105,Internal 1,100,37
T3230,S1308,EEE101,Internal 2,100,35
T3231,S1308,EEE102,Model Exam,100,35
T3232,S1308,EEE105,Final Internal,100,35
T3233,S1309,EEE103,Internal 1,100,85
T3234,S1309,EEE105,Internal 2,100,85
T3235,S1309,EEE101,Model Exam,100,85
T3236,S1309,EEE101,Final Internal,100,85
T3237,S1310,EEE103,Internal 1,100,40
T3238,S1310,EEE102,Internal 2,100,39
T3239,S1310,EEE102,Model Exam,100,35
T3240,S1310,EEE103,Final Internal,100,35
T3241,S1311,CSE102,Internal 1,100,72
T3242,S1311,CSE103,Internal 2,100,72
T3243,S1311,CSE104,Model Exam,100,72
T3244,S1311,CSE101,Final Internal,100,72
T3245,S1312,EEE105,Internal 1,100,69
T3246,S1312,EEE103,Internal 2,100,69
T3247,S1312,EEE103,Model Exam,100,69
T3248,S1312,EEE105,Final Internal,100,69
T3249,S1313,ECE104,Internal 1,100,35
T3250,S1313,ECE103,Internal 2,100,35
T3251,S1313,ECE103,Model Exam,100,35
T3252,S1313,ECE101,Final Internal,100,35
T3253,S1314,CIVIL101,Internal 1,100,98
T3254,S1314,CIVIL103,Internal 2,100,98
T3255,S1314,CIVIL103,Model Exam,100,98
T3256,S1314,CIVIL105,Final Internal,100,98
T3257,S1315,CIVIL102,Internal 1,100,85
T3258,S1315,CIVIL104,Internal 2,100,85
T3259,S1315,CIVIL103,Model Exam,100,85
T3260,S1315,CIVIL104,Final Internal,100,85
T3261,S1316,CIVIL104,Internal 1,100,84
T3262,S1316,CIVIL105,Internal 2,100,84
T3263,S1316,CIVIL104,Model Exam,100,84
T3264,S1316,CIVIL102,Final Internal,100,84
T3265,S1317,MECH101,Internal 1,100,47
T3266,S1317,MECH102,Internal 2,100,44
T3267,S1317,MECH103,Model Exam,100,39
T3268,S1317,MECH101,Final Internal,100,37
T3269,S1318,EEE104,Internal 1,100,88
T3270,S1318,EEE101,Internal 2,100,88
T3271,S1318,EEE103,Model Exam,100,88
T3272,S1318,EEE101,Final Internal,100,88
T3273,S1319,CSE104,Internal 1,100,59
T3274,S1319,CSE105,Internal 2,100,59
T3275,S1319,CSE103,Model Exam,100,59
T3276,S1319,CSE103,Final Internal,100,59
T3277,S1320,MECH102,Internal 1,100,35
T3278,S1320,MECH102,Internal 2,100,35
T3279,S1320,MECH104,Model Exam,100,35
T3280,S1320,MECH102,Final Internal,100,35
T3281,S1321,MECH101,Internal 1,100,87
T3282,S1321,MECH101,Internal 2,100,87
T3283,S1321,MECH105,Model Exam,100,87
T3284,S1321,MECH104,Final Internal,100,87
T3285,S1322,CSE104,Internal 1,100,98
T3286,S1322,CSE101,Internal 2,100,98
T3287,S1322,CSE103,Model Exam,100,98
T3288,S1322,CSE101,Final Internal,100,98
T3289,S1323,CSE105,Internal 1,100,47
T3290,S1323,CSE101,Internal 2,100,45
T3291,S1323,CSE104,Model Exam,100,44
T3292,S1323,CSE105,Final Internal,100,42
T3293,S1324,EEE101,Internal 1,100,86
T3294,S1324,EEE104,Internal 2,100,86
T3295,S1324,EEE105,Model Exam,100,86
T3296,S1324,EEE103,Final Internal,100,86
T3297,S1325,EEE104,Internal 1,100,47
T3298,S1325,EEE104,Internal 2,100,46
T3299,S1325,EEE103,Model Exam,100,42
T3300,S1325,EEE104,Final Internal,100,39
T3301,S1326,MECH102,Internal 1,100,74
T3302,S1326,MECH102,Internal 2,100,74
T3303,S1326,MECH104,Model Exam,100,74
T3304,S1326,MECH102,Final Internal,100,74
T3305,S1327,CIVIL101,Internal 1,100,54
T3306,S1327,CIVIL102,Internal 2,100,53
T3307,S1327,CIVIL103,Model Exam,100,49
T3308,S1327,CIVIL104,Final Internal,100,47
T3309,S1328,EEE104,Internal 1,100,95
T3310,S1328,EEE102,Internal 2,100,95
T3311,S1328,EEE103,Model Exam,100,95
T3312,S1328,EEE101,Final Internal,100,95
T3313,S1329,CIVIL103,Internal 1,100,86
T3314,S1329,CIVIL102,Internal 2,100,86
T3315,S1329,CIVIL101,Model Exam,100,86
T3316,S1329,CIVIL103,Final Internal,100,86
T3317,S1330,CSE104,Internal 1,100,52
T3318,S1330,CSE102,Internal 2,100,47
T3319,S1330,CSE102,Model Exam,100,45
T3320,S1330,CSE101,Final Internal,100,44
T3321,S1331,ECE104,Internal 1,100,65
T3322,S1331,ECE101,Internal 2,100,65
T3323,S1331,ECE103,Model Exam,100,65
T3324,S1331,ECE103,Final Internal,100,65
T3325,S1332,ECE101,Internal 1,100,76
T3326,S1332,ECE101,Internal 2,100,76
T3327,S1332,ECE101,Model Exam,100,76
T3328,S1332,ECE105,Final Internal,100,76
T3329,S1333,EEE101,Internal 1,100,85
T3330,S1333,EEE104,Internal 2,100,85
T3331,S1333,EEE103,Model Exam,100,85
T3332,S1333,EEE101,Final Internal,100,85
T3333,S1334,ECE104,Internal 1,100,35
T3334,S1334,ECE101,Internal 2,100,35
T3335,S1334,ECE105,Model Exam,100,35
T3336,S1334,ECE101,Final Internal,100,35
T3337,S1335,CSE104,Internal 1,100,56
T3338,S1335,CSE104,Internal 2,100,51
T3339,S1335,CSE102,Model Exam,100,50
T3340,S1335,CSE103,Final Internal,100,46
T3341,S1336,MECH102,Internal 1,100,74
T3342,S1336,MECH105,Internal 2,100,74
T3343,S1336,MECH102,Model Exam,100,74
T3344,S1336,MECH103,Final Internal,100,74
T3345,S1337,CIVIL103,Internal 1,100,72
T3346,S1337,CIVIL101,Internal 2,100,72
T3347,S1337,CIVIL101,Model Exam,100,72
T3348,S1337,CIVIL103,Final Internal,100,72
T3349,S1338,CIVIL104,Internal 1,100,53
T3350,S1338,CIVIL105,Internal 2,100,52
T3351,S1338,CIVIL105,Model Exam,100,51
T3352,S1338,CIVIL102,Final Internal,100,48
T3353,S1339,MECH102,Internal 1,100,70
T3354,S1339,MECH104,Internal 2,100,70
T3355,S1339,MECH101,Model Exam,100,70
T3356,S1339,MECH105,Final Internal,100,70
T3357,S1340,CIVIL103,Internal 1,100,54
T3358,S1340,CIVIL101,Internal 2,100,53
T3359,S1340,CIVIL104,Model Exam,100,48
T3360,S1340,CIVIL103,Final Internal,100,47
T3361,S1341,CIVIL102,Internal 1,100,91
T3362,S1341,CIVIL104,Internal 2,100,91
T3363,S1341,CIVIL103,Model Exam,100,91
T3364,S1341,CIVIL103,Final Internal,100,91
T3365,S1342,CIVIL103,Internal 1,100,88
T3366,S1342,CIVIL104,Internal 2,100,88
T3367,S1342,CIVIL105,Model Exam,100,88
T3368,S1342,CIVIL101,Final Internal,100,88
T3369,S1343,CSE103,Internal 1,100,87
T3370,S1343,CSE105,Internal 2,100,87
T3371,S1343,CSE105,Model Exam,100,87
T3372,S1343,CSE102,Final Internal,100,87
T3373,S1344,CIVIL102,Internal 1,100,87
T3374,S1344,CIVIL104,Internal 2,100,87
T3375,S1344,CIVIL105,Model Exam,100,87
T3376,S1344,CIVIL102,Final Internal,100,87
T3377,S1345,EEE101,Internal 1,100,48
T3378,S1345,EEE101,Internal 2,100,47
T3379,S1345,EEE104,Model Exam,100,43
T3380,S1345,EEE105,Final Internal,100,41
T3381,S1346,ECE101,Internal 1,100,39
T3382,S1346,ECE102,Internal 2,100,38
T3383,S1346,ECE101,Model Exam,100,36
T3384,S1346,ECE103,Final Internal,100,35
T3385,S1347,CIVIL101,Internal 1,100,74
T3386,S1347,CIVIL103,Internal 2,100,74
T3387,S1347,CIVIL101,Model Exam,100,74
T3388,S1347,CIVIL101,Final Internal,100,74
T3389,S1348,CSE105,Internal 1,100,49
T3390,S1348,CSE104,Internal 2,100,44
T3391,S1348,CSE101,Model Exam,100,41
T3392,S1348,CSE105,Final Internal,100,36
T3393,S1349,ECE101,Internal 1,100,86
T3394,S1349,ECE101,Internal 2,100,86
T3395,S1349,ECE103,Model Exam,100,86
T3396,S1349,ECE105,Final Internal,100,86
T3397,S1350,MECH103,Internal 1,100,77
T3398,S1350,MECH103,Internal 2,100,77
T3399,S1350,MECH101,Model Exam,100,77
T3400,S1350,MECH102,Final Internal,100,77
T3401,S1351,EEE104,Internal 1,100,68
T3402,S1351,EEE105,Internal 2,100,68
T3403,S1351,EEE103,Model Exam,100,68
T3404,S1351,EEE103,Final Internal,100,68
T3405,S1352,ECE105,Internal 1,100,71
T3406,S1352,ECE101,Internal 2,100,71
T3407,S1352,ECE104,Model Exam,100,71
T3408,S1352,ECE104,Final Internal,100,71
T3409,S1353,CIVIL104,Internal 1,100,95
T3410,S1353,CIVIL104,Internal 2,100,95
T3411,S1353,CIVIL105,Model Exam,100,95
T3412,S1353,CIVIL104,Final Internal,100,95
T3413,S1354,CIVIL104,Internal 1,100,69
T3414,S1354,CIVIL101,Internal 2,100,69
T3415,S1354,CIVIL102,Model Exam,100,69
T3416,S1354,CIVIL105,Final Internal,100,69
T3417,S1355,MECH101,Internal 1,100,70
T3418,S1355,MECH104,Internal 2,100,70
T3419,S1355,MECH101,Model Exam,100,70
T3420,S1355,MECH102,Final Internal,100,70
T3421,S1356,ECE104,Internal 1,100,67
T3422,S1356,ECE105,Internal 2,100,67
T3423,S1356,ECE104,Model Exam,100,67
T3424,S1356,ECE103,Final Internal,100,67
T3425,S1357,EEE105,Internal 1,100,91
T3426,S1357,EEE102,Internal 2,100,91
T3427,S1357,EEE101,Model Exam,100,91
T3428,S1357,EEE102,Final Internal,100,91
T3429,S1358,ECE102,Internal 1,100,81
T3430,S1358,ECE102,Internal 2,100,81
T3431,S1358,ECE105,Model Exam,100,81
T3432,S1358,ECE102,Final Internal,100,81
T3433,S1359,CSE104,Internal 1,100,45
T3434,S1359,CSE105,Internal 2,100,44
T3435,S1359,CSE101,Model Exam,100,42
T3436,S1359,CSE104,Final Internal,100,38
T3437,S1360,ECE101,Internal 1,100,75
T3438,S1360,ECE105,Internal 2,100,75
T3439,S1360,ECE101,Model Exam,100,75
T3440,S1360,ECE102,Final Internal,100,75
T3441,S1361,EEE103,Internal 1,100,70
T3442,S1361,EEE105,Internal 2,100,70
T3443,S1361,EEE103,Model Exam,100,70
T3444,S1361,EEE104,Final Internal,100,70
T3445,S1362,CSE104,Internal 1,100,78
T3446,S1362,CSE101,Internal 2,100,78
T3447,S1362,CSE104,Model Exam,100,78
T3448,S1362,CSE103,Final Internal,100,78
T3449,S1363,ECE104,Internal 1,100,36
T3450,S1363,ECE101,Internal 2,100,35
T3451,S1363,ECE101,Model Exam,100,35
T3452,S1363,ECE103,Final Internal,100,35
T3453,S1364,MECH101,Internal 1,100,68
T3454,S1364,MECH101,Internal 2,100,68
T3455,S1364,MECH104,Model Exam,100,68
T3456,S1364,MECH102,Final Internal,100,68
T3457,S1365,CIVIL105,Internal 1,100,75
T3458,S1365,CIVIL102,Internal 2,100,75
T3459,S1365,CIVIL102,Model Exam,100,75
T3460,S1365,CIVIL104,Final Internal,100,75
T3461,S1366,EEE103,Internal 1,100,89
T3462,S1366,EEE105,Internal 2,100,89
T3463,S1366,EEE104,Model Exam,100,89
T3464,S1366,EEE105,Final Internal,100,89
T3465,S1367,CIVIL104,Internal 1,100,98
T3466,S1367,CIVIL104,Internal 2,100,98
T3467,S1367,CIVIL103,Model Exam,100,98
T3468,S1367,CIVIL103,Final Internal,100,98
T3469,S1368,EEE105,Internal 1,100,46
T3470,S1368,EEE101,Internal 2,100,46
T3471,S1368,EEE102,Model Exam,100,46
T3472,S1368,EEE102,Final Internal,100,46
T3473,S1369,EEE101,Internal 1,100,86
T3474,S1369,EEE101,Internal 2,100,86
T3475,S1369,EEE105,Model Exam,100,86
T3476,S1369,EEE105,Final Internal,100,86
T3477,S1370,ECE101,Internal 1,100,93
T3478,S1370,ECE105,Internal 2,100,93
T3479,S1370,ECE104,Model Exam,100,93
T3480,S1370,ECE102,Final Internal,100,93
T3481,S1371,CSE104,Internal 1,100,41
T3482,S1371,CSE102,Internal 2,100,41
T3483,S1371,CSE102,Model Exam,100,41
T3484,S1371,CSE105,Final Internal,100,41
T3485,S1372,CSE105,Internal 1,100,93
T3486,S1372,CSE104,Internal 2,100,93
T3487,S1372,CSE102,Model Exam,100,93
T3488,S1372,CSE101,Final Internal,100,93
T3489,S1373,ECE103,Internal 1,100,69
T3490,S1373,ECE104,Internal 2,100,69
T3491,S1373,ECE101,Model Exam,100,69
T3492,S1373,ECE105,Final Internal,100,69
T3493,S1374,EEE105,Internal 1,100,75
T3494,S1374,EEE105,Internal 2,100,75
T3495,S1374,EEE104,Model Exam,100,75
T3496,S1374,EEE105,Final Internal,100,75
T3497,S1375,ECE101,Internal 1,100,88
T3498,S1375,ECE105,Internal 2,100,88
T3499,S1375,ECE101,Model Exam,100,88
T3500,S1375,ECE104,Final Internal,100,88
T3501,S1376,MECH102,Internal 1,100,42
T3502,S1376,MECH102,Internal 2,100,42
T3503,S1376,MECH105,Model Exam,100,42
T3504,S1376,MECH104,Final Internal,100,42
T3505,S1377,ECE105,Internal 1,100,50
T3506,S1377,ECE102,Internal 2,100,45
T3507,S1377,ECE103,Model Exam,100,44
T3508,S1377,ECE102,Final Internal,100,43
T3509,S1378,EEE103,Internal 1,100,76
T3510,S1378,EEE105,Internal 2,100,76
T3511,S1378,EEE102,Model Exam,100,76
T3512,S1378,EEE104,Final Internal,100,76
T3513,S1379,CSE103,Internal 1,100,71
T3514,S1379,CSE101,Internal 2,100,71
T3515,S1379,CSE102,Model Exam,100,71
T3516,S1379,CSE103,Final Internal,100,71
T3517,S1380,ECE104,Internal 1,100,57
T3518,S1380,ECE105,Internal 2,100,52
T3519,S1380,ECE101,Model Exam,100,49
T3520,S1380,ECE104,Final Internal,100,46
T3521,S1381,ECE101,Internal 1,100,44
T3522,S1381,ECE105,Internal 2,100,40
T3523,S1381,ECE101,Model Exam,100,38
T3524,S1381,ECE103,Final Internal,100,35
T3525,S1382,CIVIL102,Internal 1,100,37
T3526,S1382,CIVIL105,Internal 2,100,35
T3527,S1382,CIVIL103,Model Exam,100,35
T3528,S1382,CIVIL101,Final Internal,100,35
T3529,S1383,CSE105,Internal 1,100,65
T3530,S1383,CSE104,Internal 2,100,65
T3531,S1383,CSE105,Model Exam,100,65
T3532,S1383,CSE102,Final Internal,100,65
T3533,S1384,ECE103,Internal 1,100,94
T3534,S1384,ECE102,Internal 2,100,94
T3535,S1384,ECE105,Model Exam,100,94
T3536,S1384,ECE103,Final Internal,100,94
T3537,S1385,CIVIL104,Internal 1,100,49
T3538,S1385,CIVIL103,Internal 2,100,44
T3539,S1385,CIVIL101,Model Exam,100,41
T3540,S1385,CIVIL101,Final Internal,100,38
T3541,S1386,ECE101,Internal 1,100,78
T3542,S1386,ECE105,Internal 2,100,78
T3543,S1386,ECE104,Model Exam,100,78
T3544,S1386,ECE105,Final Internal,100,78
T3545,S1387,EEE104,Internal 1,100,36
T3546,S1387,EEE105,Internal 2,100,35
T3547,S1387,EEE105,Model Exam,100,35
T3548,S1387,EEE103,Final Internal,100,35
T3549,S1388,EEE103,Internal 1,100,51
T3550,S1388,EEE102,Internal 2,100,49
T3551,S1388,EEE101,Model Exam,100,44
T3552,S1388,EEE105,Final Internal,100,43
T3553,S1389,EEE105,Internal 1,100,78
T3554,S1389,EEE105,Internal 2,100,78
T3555,S1389,EEE104,Model Exam,100,78
T3556,S1389,EEE104,Final Internal,100,78
T3557,S1390,CIVIL102,Internal 1,100,71
T3558,S1390,CIVIL101,Internal 2,100,71
T3559,S1390,CIVIL101,Model Exam,100,71
T3560,S1390,CIVIL101,Final Internal,100,71
T3561,S1391,CIVIL101,Internal 1,100,84
T3562,S1391,CIVIL104,Internal 2,100,84
T3563,S1391,CIVIL103,Model Exam,100,84
T3564,S1391,CIVIL102,Final Internal,100,84
T3565,S1392,ECE102,Internal 1,100,98
T3566,S1392,ECE101,Internal 2,100,98
T3567,S1392,ECE102,Model Exam,100,98
T3568,S1392,ECE104,Final Internal,100,98
T3569,S1393,EEE104,Internal 1,100,86
T3570,S1393,EEE102,Internal 2,100,86
T3571,S1393,EEE104,Model Exam,100,86
T3572,S1393,EEE102,Final Internal,100,86
T3573,S1394,MECH101,Internal 1,100,35
T3574,S1394,MECH105,Internal 2,100,35
T3575,S1394,MECH102,Model Exam,100,35
T3576,S1394,MECH102,Final Internal,100,35
T3577,S1395,EEE103,Internal 1,100,55
T3578,S1395,EEE104,Internal 2,100,51
T3579,S1395,EEE101,Model Exam,100,49
T3580,S1395,EEE102,Final Internal,100,48
T3581,S1396,CSE105,Internal 1,100,50
T3582,S1396,CSE105,Internal 2,100,45
T3583,S1396,CSE101,Model Exam,100,43
T3584,S1396,CSE104,Final Internal,100,42
T3585,S1397,CSE105,Internal 1,100,94
T3586,S1397,CSE102,Internal 2,100,94
T3587,S1397,CSE105,Model Exam,100,94
T3588,S1397,CSE103,Final Internal,100,94
T3589,S1398,MECH105,Internal 1,100,42
T3590,S1398,MECH104,Internal 2,100,38
T3591,S1398,MECH103,Model Exam,100,36
T3592,S1398,MECH105,Final Internal,100,35
T3593,S1399,CSE102,Internal 1,100,87
T3594,S1399,CSE104,Internal 2,100,87
T3595,S1399,CSE101,Model Exam,100,87
T3596,S1399,CSE102,Final Internal,100,87
T3597,S1400,ECE104,Internal 1,100,86
T3598,S1400,ECE103,Internal 2,100,86
T3599,S1400,ECE105,Model Exam,100,86
T3600,S1400,ECE105,Final Internal,100,86
T3601,S1401,ECE103,Internal 1,100,35
T3602,S1401,ECE105,Internal 2,100,35
T3603,S1401,ECE104,Model Exam,100,35
T3604,S1401,ECE101,Final Internal,100,35
T3605,S1402,ECE104,Internal 1,100,68
T3606,S1402,ECE104,Internal 2,100,68
T3607,S1402,ECE104,Model Exam,100,68
T3608,S1402,ECE102,Final Internal,100,68
T3609,S1403,CIVIL105,Internal 1,100,59
T3610,S1403,CIVIL105,Internal 2,100,56
T3611,S1403,CIVIL102,Model Exam,100,52
T3612,S1403,CIVIL101,Final Internal,100,50
T3613,S1404,CSE104,Internal 1,100,78
T3614,S1404,CSE103,Internal 2,100,78
T3615,S1404,CSE102,Model Exam,100,78
T3616,S1404,CSE104,Final Internal,100,78
T3617,S1405,ECE101,Internal 1,100,77
T3618,S1405,ECE105,Internal 2,100,77
T3619,S1405,ECE105,Model Exam,100,77
T3620,S1405,ECE105,Final Internal,100,77
T3621,S1406,CIVIL104,Internal 1,100,50
T3622,S1406,CIVIL104,Internal 2,100,48
T3623,S1406,CIVIL101,Model Exam,100,47
T3624,S1406,CIVIL105,Final Internal,100,42
T3625,S1407,CIVIL102,Internal 1,100,66
T3626,S1407,CIVIL103,Internal 2,100,66
T3627,S1407,CIVIL105,Model Exam,100,66
T3628,S1407,CIVIL104,Final Internal,100,66
T3629,S1408,CIVIL104,Internal 1,100,86
T3630,S1408,CIVIL102,Internal 2,100,86
T3631,S1408,CIVIL104,Model Exam,100,86
T3632,S1408,CIVIL102,Final Internal,100,86
T3633,S1409,CIVIL103,Internal 1,100,73
T3634,S1409,CIVIL105,Internal 2,100,73
T3635,S1409,CIVIL101,Model Exam,100,73
T3636,S1409,CIVIL102,Final Internal,100,73
T3637,S1410,CIVIL104,Internal 1,100,42
T3638,S1410,CIVIL101,Internal 2,100,41
T3639,S1410,CIVIL103,Model Exam,100,36
T3640,S1410,CIVIL105,Final Internal,100,35
T3641,S1411,CIVIL104,Internal 1,100,73
T3642,S1411,CIVIL101,Internal 2,100,73
T3643,S1411,CIVIL105,Model Exam,100,73
T3644,S1411,CIVIL105,Final Internal,100,73
T3645,S1412,EEE103,Internal 1,100,98
T3646,S1412,EEE102,Internal 2,100,98
T3647,S1412,EEE104,Model Exam,100,98
T3648,S1412,EEE101,Final Internal,100,98
T3649,S1413,ECE103,Internal 1,100,61
T3650,S1413,ECE105,Internal 2,100,61
T3651,S1413,ECE103,Model Exam,100,61
T3652,S1413,ECE105,Final Internal,100,61
T3653,S1414,CSE102,Internal 1,100,52
T3654,S1414,CSE104,Internal 2,100,51
T3655,S1414,CSE102,Model Exam,100,50
T3656,S1414,CSE103,Final Internal,100,48
T3657,S1415,MECH104,Internal 1,100,81
T3658,S1415,MECH102,Internal 2,100,81
T3659,S1415,MECH105,Model Exam,100,81
T3660,S1415,MECH105,Final Internal,100,81
T3661,S1416,CIVIL101,Internal 1,100,95
T3662,S1416,CIVIL102,Internal 2,100,95
T3663,S1416,CIVIL103,Model Exam,100,95
T3664,S1416,CIVIL104,Final Internal,100,95
T3665,S1417,EEE104,Internal 1,100,67
T3666,S1417,EEE101,Internal 2,100,67
T3667,S1417,EEE103,Model Exam,100,67
T3668,S1417,EEE102,Final Internal,100,67
T3669,S1418,ECE102,Internal 1,100,49
T3670,S1418,ECE101,Internal 2,100,48
T3671,S1418,ECE104,Model Exam,100,44
T3672,S1418,ECE102,Final Internal,100,40
T3673,S1419,CIVIL105,Internal 1,100,93
T3674,S1419,CIVIL103,Internal 2,100,93
T3675,S1419,CIVIL103,Model Exam,100,93
T3676,S1419,CIVIL105,Final Internal,100,93
T3677,S1420,ECE102,Internal 1,100,73
T3678,S1420,ECE102,Internal 2,100,73
T3679,S1420,ECE104,Model Exam,100,73
T3680,S1420,ECE101,Final Internal,100,73
T3681,S1421,CSE103,Internal 1,100,96
T3682,S1421,CSE103,Internal 2,100,96
T3683,S1421,CSE101,Model Exam,100,96
T3684,S1421,CSE104,Final Internal,100,96
T3685,S1422,EEE103,Internal 1,100,87
T3686,S1422,EEE102,Internal 2,100,87
T3687,S1422,EEE105,Model Exam,100,87
T3688,S1422,EEE104,Final Internal,100,87
T3689,S1423,MECH101,Internal 1,100,86
T3690,S1423,MECH101,Internal 2,100,86
T3691,S1423,MECH105,Model Exam,100,86
T3692,S1423,MECH101,Final Internal,100,86
T3693,S1424,CIVIL104,Internal 1,100,66
T3694,S1424,CIVIL101,Internal 2,100,66
T3695,S1424,CIVIL103,Model Exam,100,66
T3696,S1424,CIVIL105,Final Internal,100,66
T3697,S1425,EEE101,Internal 1,100,70
T3698,S1425,EEE103,Internal 2,100,70
T3699,S1425,EEE104,Model Exam,100,70
T3700,S1425,EEE103,Final Internal,100,70
T3701,S1426,ECE104,Internal 1,100,79
T3702,S1426,ECE105,Internal 2,100,79
T3703,S1426,ECE104,Model Exam,100,79
T3704,S1426,ECE105,Final Internal,100,79
T3705,S1427,CSE104,Internal 1,100,82
T3706,S1427,CSE104,Internal 2,100,82
T3707,S1427,CSE101,Model Exam,100,82
T3708,S1427,CSE103,Final Internal,100,82
T3709,S1428,EEE104,Internal 1,100,99
T3710,S1428,EEE102,Internal 2,100,99
T3711,S1428,EEE101,Model Exam,100,99
T3712,S1428,EEE101,Final Internal,100,99
T3713,S1429,CIVIL105,Internal 1,100,81
T3714,S1429,CIVIL105,Internal 2,100,81
T3715,S1429,CIVIL101,Model Exam,100,81
T3716,S1429,CIVIL102,Final Internal,100,81
T3717,S1430,EEE101,Internal 1,100,35
T3718,S1430,EEE102,Internal 2,100,35
T3719,S1430,EEE101,Model Exam,100,35
T3720,S1430,EEE102,Final Internal,100,35
T3721,S1431,CIVIL102,Internal 1,100,77
T3722,S1431,CIVIL104,Internal 2,100,77
T3723,S1431,CIVIL104,Model Exam,100,77
T3724,S1431,CIVIL104,Final Internal,100,77
T3725,S1432,ECE105,Internal 1,100,66
T3726,S1432,ECE104,Internal 2,100,66
T3727,S1432,ECE102,Model Exam,100,66
T3728,S1432,ECE104,Final Internal,100,66
T3729,S1433,ECE101,Internal 1,100,51
T3730,S1433,ECE101,Internal 2,100,48
T3731,S1433,ECE104,Model Exam,100,46
T3732,S1433,ECE103,Final Internal,100,41
T3733,S1434,CIVIL102,Internal 1,100,78
T3734,S1434,CIVIL102,Internal 2,100,78
T3735,S1434,CIVIL105,Model Exam,100,78
T3736,S1434,CIVIL105,Final Internal,100,78
T3737,S1435,ECE105,Internal 1,100,71
T3738,S1435,ECE105,Internal 2,100,71
T3739,S1435,ECE104,Model Exam,100,71
T3740,S1435,ECE105,Final Internal,100,71
T3741,S1436,ECE104,Internal 1,100,85
T3742,S1436,ECE105,Internal 2,100,85
T3743,S1436,ECE103,Model Exam,100,85
T3744,S1436,ECE101,Final Internal,100,85
T3745,S1437,CSE102,Internal 1,100,92
T3746,S1437,CSE101,Internal 2,100,92
T3747,S1437,CSE104,Model Exam,100,92
T3748,S1437,CSE105,Final Internal,100,92
T3749,S1438,CIVIL102,Internal 1,100,43
T3750,S1438,CIVIL102,Internal 2,100,43
T3751,S1438,CIVIL105,Model Exam,100,43
T3752,S1438,CIVIL105,Final Internal,100,43
T3753,S1439,CIVIL102,Internal 1,100,89
T3754,S1439,CIVIL103,Internal 2,100,89
T3755,S1439,CIVIL104,Model Exam,100,89
T3756,S1439,CIVIL102,Final Internal,100,89
T3757,S1440,CIVIL102,Internal 1,100,81
T3758,S1440,CIVIL103,Internal 2,100,81
T3759,S1440,CIVIL102,Model Exam,100,81
T3760,S1440,CIVIL105,Final Internal,100,81
T3761,S1441,CSE104,Internal 1,100,80
T3762,S1441,CSE105,Internal 2,100,80
T3763,S1441,CSE104,Model Exam,100,80
T3764,S1441,CSE103,Final Internal,100,80
T3765,S1442,MECH103,Internal 1,100,75
T3766,S1442,MECH103,Internal 2,100,75
T3767,S1442,MECH101,Model Exam,100,75
T3768,S1442,MECH102,Final Internal,100,75
T3769,S1443,EEE101,Internal 1,100,51
T3770,S1443,EEE103,Internal 2,100,51
T3771,S1443,EEE102,Model Exam,100,51
T3772,S1443,EEE105,Final Internal,100,51
T3773,S1444,EEE104,Internal 1,100,91
T3774,S1444,EEE104,Internal 2,100,91
T3775,S1444,EEE104,Model Exam,100,91
T3776,S1444,EEE103,Final Internal,100,91
T3777,S1445,CSE102,Internal 1,100,74
T3778,S1445,CSE103,Internal 2,100,74
T3779,S1445,CSE105,Model Exam,100,74
T3780,S1445,CSE102,Final Internal,100,74
T3781,S1446,ECE101,Internal 1,100,83
T3782,S1446,ECE102,Internal 2,100,83
T3783,S1446,ECE104,Model Exam,100,83
T3784,S1446,ECE102,Final Internal,100,83
T3785,S1447,EEE102,Internal 1,100,66
T3786,S1447,EEE102,Internal 2,100,66
T3787,S1447,EEE104,Model Exam,100,66
T3788,S1447,EEE101,Final Internal,100,66
T3789,S1448,ECE102,Internal 1,100,39
T3790,S1448,ECE104,Internal 2,100,35
T3791,S1448,ECE104,Model Exam,100,35
T3792,S1448,ECE105,Final Internal,100,35
T3793,S1449,ECE104,Internal 1,100,72
T3794,S1449,ECE105,Internal 2,100,72
T3795,S1449,ECE102,Model Exam,100,72
T3796,S1449,ECE102,Final Internal,100,72
T3797,S1450,CIVIL103,Internal 1,100,35
T3798,S1450,CIVIL102,Internal 2,100,35
T3799,S1450,CIVIL102,Model Exam,100,35
T3800,S1450,CIVIL105,Final Internal,100,35
T3801,S1451,EEE105,Internal 1,100,84
T3802,S1451,EEE105,Internal 2,100,84
T3803,S1451,EEE101,Model Exam,100,84
T3804,S1451,EEE101,Final Internal,100,84
T3805,S1452,ECE103,Internal 1,100,67
T3806,S1452,ECE101,Internal 2,100,67
T3807,S1452,ECE103,Model Exam,100,67
T3808,S1452,ECE102,Final Internal,100,67
T3809,S1453,MECH101,Internal 1,100,74
T3810,S1453,MECH103,Internal 2,100,74
T3811,S1453,MECH104,Model Exam,100,74
T3812,S1453,MECH101,Final Internal,100,74
T3813,S1454,EEE105,Internal 1,100,77
T3814,S1454,EEE101,Internal 2,100,77
T3815,S1454,EEE103,Model Exam,100,77
T3816,S1454,EEE105,Final Internal,100,77
T3817,S1455,ECE101,Internal 1,100,35
T3818,S1455,ECE104,Internal 2,100,35
T3819,S1455,ECE105,Model Exam,100,35
T3820,S1455,ECE104,Final Internal,100,35
T3821,S1456,CIVIL104,Internal 1,100,81
T3822,S1456,CIVIL103,Internal 2,100,81
T3823,S1456,CIVIL105,Model Exam,100,81
T3824,S1456,CIVIL105,Final Internal,100,81
T3825,S1457,CIVIL105,Internal 1,100,65
T3826,S1457,CIVIL103,Internal 2,100,65
T3827,S1457,CIVIL101,Model Exam,100,65
T3828,S1457,CIVIL101,Final Internal,100,65
T3829,S1458,CIVIL103,Internal 1,100,73
T3830,S1458,CIVIL103,Internal 2,100,73
T3831,S1458,CIVIL105,Model Exam,100,73
T3832,S1458,CIVIL103,Final Internal,100,73
T3833,S1459,CIVIL101,Internal 1,100,45
T3834,S1459,CIVIL105,Internal 2,100,44
T3835,S1459,CIVIL104,Model Exam,100,39
T3836,S1459,CIVIL101,Final Internal,100,35
T3837,S1460,ECE105,Internal 1,100,81
T3838,S1460,ECE103,Internal 2,100,81
T3839,S1460,ECE105,Model Exam,100,81
T3840,S1460,ECE103,Final Internal,100,81
T3841,S1461,CSE102,Internal 1,100,92
T3842,S1461,CSE102,Internal 2,100,92
T3843,S1461,CSE101,Model Exam,100,92
T3844,S1461,CSE104,Final Internal,100,92
T3845,S1462,EEE105,Internal 1,100,69
T3846,S1462,EEE101,Internal 2,100,69
T3847,S1462,EEE104,Model Exam,100,69
T3848,S1462,EEE103,Final Internal,100,69
T3849,S1463,MECH101,Internal 1,100,42
T3850,S1463,MECH101,Internal 2,100,38
T3851,S1463,MECH104,Model Exam,100,35
T3852,S1463,MECH105,Final Internal,100,35
T3853,S1464,EEE105,Internal 1,100,62
T3854,S1464,EEE103,Internal 2,100,62
T3855,S1464,EEE102,Model Exam,100,62
T3856,S1464,EEE103,Final Internal,100,62
T3857,S1465,EEE102,Internal 1,100,51
T3858,S1465,EEE104,Internal 2,100,51
T3859,S1465,EEE101,Model Exam,100,51
T3860,S1465,EEE103,Final Internal,100,51
T3861,S1466,CIVIL103,Internal 1,100,65
T3862,S1466,CIVIL101,Internal 2,100,65
T3863,S1466,CIVIL102,Model Exam,100,65
T3864,S1466,CIVIL105,Final Internal,100,65
T3865,S1467,CSE101,Internal 1,100,61
T3866,S1467,CSE103,Internal 2,100,61
T3867,S1467,CSE103,Model Exam,100,61
T3868,S1467,CSE104,Final Internal,100,61
T3869,S1468,EEE101,Internal 1,100,70
T3870,S1468,EEE102,Internal 2,100,70
T3871,S1468,EEE101,Model Exam,100,70
T3872,S1468,EEE103,Final Internal,100,70
T3873,S1469,EEE103,Internal 1,100,80
T3874,S1469,EEE102,Internal 2,100,80
T3875,S1469,EEE104,Model Exam,100,80
T3876,S1469,EEE103,Final Internal,100,80
T3877,S1470,CSE105,Internal 1,100,37
T3878,S1470,CSE101,Internal 2,100,36
T3879,S1470,CSE102,Model Exam,100,35
T3880,S1470,CSE101,Final Internal,100,35
T3881,S1471,CIVIL105,Internal 1,100,100
T3882,S1471,CIVIL103,Internal 2,100,100
T3883,S1471,CIVIL103,Model Exam,100,100
T3884,S1471,CIVIL102,Final Internal,100,100
T3885,S1472,EEE101,Internal 1,100,70
T3886,S1472,EEE101,Internal 2,100,70
T3887,S1472,EEE105,Model Exam,100,70
T3888,S1472,EEE102,Final Internal,100,70
T3889,S1473,CIVIL104,Internal 1,100,84
T3890,S1473,CIVIL102,Internal 2,100,84
T3891,S1473,CIVIL101,Model Exam,100,84
T3892,S1473,CIVIL102,Final Internal,100,84
T3893,S1474,CSE102,Internal 1,100,84
T3894,S1474,CSE104,Internal 2,100,84
T3895,S1474,CSE102,Model Exam,100,84
T3896,S1474,CSE101,Final Internal,100,84
T3897,S1475,MECH102,Internal 1,100,90
T3898,S1475,MECH101,Internal 2,100,90
T3899,S1475,MECH103,Model Exam,100,90
T3900,S1475,MECH105,Final Internal,100,90
T3901,S1476,MECH103,Internal 1,100,78
T3902,S1476,MECH102,Internal 2,100,78
T3903,S1476,MECH105,Model Exam,100,78
T3904,S1476,MECH102,Final Internal,100,78
T3905,S1477,ECE102,Internal 1,100,84
T3906,S1477,ECE103,Internal 2,100,84
T3907,S1477,ECE103,Model Exam,100,84
T3908,S1477,ECE103,Final Internal,100,84
T3909,S1478,ECE105,Internal 1,100,65
T3910,S1478,ECE104,Internal 2,100,65
T3911,S1478,ECE103,Model Exam,100,65
T3912,S1478,ECE101,Final Internal,100,65
T3913,S1479,EEE105,Internal 1,100,82
T3914,S1479,EEE102,Internal 2,100,82
T3915,S1479,EEE101,Model Exam,100,82
T3916,S1479,EEE104,Final Internal,100,82
T3917,S1480,EEE102,Internal 1,100,78
T3918,S1480,EEE105,Internal 2,100,78
T3919,S1480,EEE103,Model Exam,100,78
T3920,S1480,EEE104,Final Internal,100,78
T3921,S1481,ECE102,Internal 1,100,89
T3922,S1481,ECE105,Internal 2,100,89
T3923,S1481,ECE103,Model Exam,100,89
T3924,S1481,ECE105,Final Internal,100,89
T3925,S1482,EEE105,Internal 1,100,62
T3926,S1482,EEE103,Internal 2,100,62
T3927,S1482,EEE102,Model Exam,100,62
T3928,S1482,EEE105,Final Internal,100,62
T3929,S1483,CIVIL102,Internal 1,100,90
T3930,S1483,CIVIL102,Internal 2,100,90
T3931,S1483,CIVIL102,Model Exam,100,90
T3932,S1483,CIVIL102,Final Internal,100,90
T3933,S1484,CSE105,Internal 1,100,55
T3934,S1484,CSE101,Internal 2,100,55
T3935,S1484,CSE105,Model Exam,100,55
T3936,S1484,CSE101,Final Internal,100,55
T3937,S1485,CSE101,Internal 1,100,53
T3938,S1485,CSE102,Internal 2,100,53
T3939,S1485,CSE101,Model Exam,100,53
T3940,S1485,CSE103,Final Internal,100,53
T3941,S1486,EEE103,Internal 1,100,85
T3942,S1486,EEE104,Internal 2,100,85
T3943,S1486,EEE104,Model Exam,100,85
T3944,S1486,EEE103,Final Internal,100,85
T3945,S1487,CSE104,Internal 1,100,76
T3946,S1487,CSE104,Internal 2,100,76
T3947,S1487,CSE102,Model Exam,100,76
T3948,S1487,CSE103,Final Internal,100,76
T3949,S1488,EEE101,Internal 1,100,38
T3950,S1488,EEE102,Internal 2,100,36
T3951,S1488,EEE104,Model Exam,100,35
T3952,S1488,EEE101,Final Internal,100,35
T3953,S1489,EEE103,Internal 1,100,91
T3954,S1489,EEE101,Internal 2,100,91
T3955,S1489,EEE104,Model Exam,100,91
T3956,S1489,EEE102,Final Internal,100,91
T3957,S1490,ECE103,Internal 1,100,93
T3958,S1490,ECE102,Internal 2,100,93
T3959,S1490,ECE102,Model Exam,100,93
T3960,S1490,ECE103,Final Internal,100,93
T3961,S1491,CSE105,Internal 1,100,41
T3962,S1491,CSE101,Internal 2,100,37
T3963,S1491,CSE102,Model Exam,100,35
T3964,S1491,CSE102,Final Internal,100,35
T3965,S1492,EEE104,Internal 1,100,76
T3966,S1492,EEE101,Internal 2,100,76
T3967,S1492,EEE103,Model Exam,100,76
T3968,S1492,EEE101,Final Internal,100,76
T3969,S1493,MECH105,Internal 1,100,81
T3970,S1493,MECH102,Internal 2,100,81
T3971,S1493,MECH101,Model Exam,100,81
T3972,S1493,MECH102,Final Internal,100,81
T3973,S1494,ECE105,Internal 1,100,92
T3974,S1494,ECE103,Internal 2,100,92
T3975,S1494,ECE103,Model Exam,100,92
T3976,S1494,ECE104,Final Internal,100,92
T3977,S1495,MECH104,Internal 1,100,82
T3978,S1495,MECH105,Internal 2,100,82
T3979,S1495,MECH104,Model Exam,100,82
T3980,S1495,MECH105,Final Internal,100,82
T3981,S1496,MECH102,Internal 1,100,92
T3982,S1496,MECH102,Internal 2,100,92
T3983,S1496,MECH104,Model Exam,100,92
T3984,S1496,MECH102,Final Internal,100,92
T3985,S1497,EEE103,Internal 1,100,71
T3986,S1497,EEE101,Internal 2,100,71
T3987,S1497,EEE103,Model Exam,100,71
T3988,S1497,EEE101,Final Internal,100,71
T3989,S1498,CIVIL105,Internal 1,100,70
T3990,S1498,CIVIL105,Internal 2,100,70
T3991,S1498,CIVIL105,Model Exam,100,70
T3992,S1498,CIVIL103,Final Internal,100,70
T3993,S1499,MECH105,Internal 1,100,73
T3994,S1499,MECH104,Internal 2,100,73
T3995,S1499,MECH101,Model Exam,100,73
T3996,S1499,MECH101,Final Internal,100,73
T3997,S1500,MECH104,Internal 1,100,44
T3998,S1500,MECH104,Internal 2,100,44
T3999,S1500,MECH103,Model Exam,100,44
T4000,S1500,MECH103,Final Internal,100,44
T4001,S1501,EEE105,Internal 1,100,88
T4002,S1501,EEE104,Internal 2,100,88
T4003,S1501,EEE103,Model Exam,100,88
T4004,S1501,EEE105,Final Internal,100,88
T4005,S1502,MECH101,Internal 1,100,35
T4006,S1502,MECH104,Internal 2,100,35
T4007,S1502,MECH104,Model Exam,100,35
T4008,S1502,MECH102,Final Internal,100,35
T4009,S1503,EEE104,Internal 1,100,51
T4010,S1503,EEE104,Internal 2,100,50
T4011,S1503,EEE105,Model Exam,100,46
T4012,S1503,EEE105,Final Internal,100,42
T4013,S1504,EEE104,Internal 1,100,42
T4014,S1504,EEE101,Internal 2,100,37
T4015,S1504,EEE103,Model Exam,100,35
T4016,S1504,EEE101,Final Internal,100,35
T4017,S1505,ECE103,Internal 1,100,97
T4018,S1505,ECE104,Internal 2,100,97
T4019,S1505,ECE103,Model Exam,100,97
T4020,S1505,ECE103,Final Internal,100,97
T4021,S1506,EEE103,Internal 1,100,80
T4022,S1506,EEE103,Internal 2,100,80
T4023,S1506,EEE101,Model Exam,100,80
T4024,S1506,EEE102,Final Internal,100,80
T4025,S1507,CSE105,Internal 1,100,35
T4026,S1507,CSE103,Internal 2,100,35
T4027,S1507,CSE105,Model Exam,100,35
T4028,S1507,CSE104,Final Internal,100,35
T4029,S1508,CIVIL104,Internal 1,100,80
T4030,S1508,CIVIL104,Internal 2,100,80
T4031,S1508,CIVIL104,Model Exam,100,80
T4032,S1508,CIVIL102,Final Internal,100,80
T4033,S1509,CIVIL101,Internal 1,100,51
T4034,S1509,CIVIL102,Internal 2,100,46
T4035,S1509,CIVIL104,Model Exam,100,44
T4036,S1509,CIVIL103,Final Internal,100,40
T4037,S1510,CSE101,Internal 1,100,36
T4038,S1510,CSE101,Internal 2,100,35
T4039,S1510,CSE105,Model Exam,100,35
T4040,S1510,CSE105,Final Internal,100,35
T4041,S1511,ECE101,Internal 1,100,35
T4042,S1511,ECE104,Internal 2,100,35
T4043,S1511,ECE104,Model Exam,100,35
T4044,S1511,ECE102,Final Internal,100,35
T4045,S1512,CIVIL103,Internal 1,100,80
T4046,S1512,CIVIL102,Internal 2,100,80
T4047,S1512,CIVIL101,Model Exam,100,80
T4048,S1512,CIVIL104,Final Internal,100,80
T4049,S1513,EEE102,Internal 1,100,93
T4050,S1513,EEE103,Internal 2,100,93
T4051,S1513,EEE103,Model Exam,100,93
T4052,S1513,EEE105,Final Internal,100,93
T4053,S1514,EEE104,Internal 1,100,100
T4054,S1514,EEE103,Internal 2,100,100
T4055,S1514,EEE104,Model Exam,100,100
T4056,S1514,EEE105,Final Internal,100,100
T4057,S1515,CIVIL104,Internal 1,100,50
T4058,S1515,CIVIL103,Internal 2,100,49
T4059,S1515,CIVIL103,Model Exam,100,48
T4060,S1515,CIVIL102,Final Internal,100,44
T4061,S1516,CIVIL104,Internal 1,100,91
T4062,S1516,CIVIL103,Internal 2,100,91
T4063,S1516,CIVIL101,Model Exam,100,91
T4064,S1516,CIVIL103,Final Internal,100,91
T4065,S1517,EEE101,Internal 1,100,100
T4066,S1517,EEE105,Internal 2,100,100
T4067,S1517,EEE101,Model Exam,100,100
T4068,S1517,EEE105,Final Internal,100,100
T4069,S1518,CSE105,Internal 1,100,86
T4070,S1518,CSE103,Internal 2,100,86
T4071,S1518,CSE101,Model Exam,100,86
T4072,S1518,CSE105,Final Internal,100,86
T4073,S1519,MECH105,Internal 1,100,48
T4074,S1519,MECH102,Internal 2,100,45
T4075,S1519,MECH103,Model Exam,100,42
T4076,S1519,MECH101,Final Internal,100,39
T4077,S1520,EEE104,Internal 1,100,84
T4078,S1520,EEE103,Internal 2,100,84
T4079,S1520,EEE105,Model Exam,100,84
T4080,S1520,EEE102,Final Internal,100,84
T4081,S1521,CSE104,Internal 1,100,73
T4082,S1521,CSE103,Internal 2,100,73
T4083,S1521,CSE102,Model Exam,100,73
T4084,S1521,CSE101,Final Internal,100,73
T4085,S1522,CIVIL102,Internal 1,100,85
T4086,S1522,CIVIL101,Internal 2,100,85
T4087,S1522,CIVIL101,Model Exam,100,85
T4088,S1522,CIVIL104,Final Internal,100,85
T4089,S1523,MECH105,Internal 1,100,86
T4090,S1523,MECH101,Internal 2,100,86
T4091,S1523,MECH103,Model Exam,100,86
T4092,S1523,MECH103,Final Internal,100,86
T4093,S1524,EEE105,Internal 1,100,76
T4094,S1524,EEE103,Internal 2,100,76
T4095,S1524,EEE105,Model Exam,100,76
T4096,S1524,EEE101,Final Internal,100,76
T4097,S1525,CSE101,Internal 1,100,35
T4098,S1525,CSE103,Internal 2,100,35
T4099,S1525,CSE103,Model Exam,100,35
T4100,S1525,CSE101,Final Internal,100,35
T4101,S1526,ECE102,Internal 1,100,51
T4102,S1526,ECE104,Internal 2,100,51
T4103,S1526,ECE103,Model Exam,100,51
T4104,S1526,ECE102,Final Internal,100,51
T4105,S1527,CSE103,Internal 1,100,70
T4106,S1527,CSE102,Internal 2,100,70
T4107,S1527,CSE103,Model Exam,100,70
T4108,S1527,CSE104,Final Internal,100,70
T4109,S1528,ECE101,Internal 1,100,78
T4110,S1528,ECE103,Internal 2,100,78
T4111,S1528,ECE104,Model Exam,100,78
T4112,S1528,ECE105,Final Internal,100,78
T4113,S1529,CIVIL103,Internal 1,100,82
T4114,S1529,CIVIL103,Internal 2,100,82
T4115,S1529,CIVIL103,Model Exam,100,82
T4116,S1529,CIVIL103,Final Internal,100,82
T4117,S1530,CIVIL105,Internal 1,100,71
T4118,S1530,CIVIL105,Internal 2,100,71
T4119,S1530,CIVIL103,Model Exam,100,71
T4120,S1530,CIVIL103,Final Internal,100,71
T4121,S1531,MECH103,Internal 1,100,95
T4122,S1531,MECH101,Internal 2,100,95
T4123,S1531,MECH104,Model Exam,100,95
T4124,S1531,MECH105,Final Internal,100,95
T4125,S1532,CSE104,Internal 1,100,40
T4126,S1532,CSE103,Internal 2,100,40
T4127,S1532,CSE105,Model Exam,100,40
T4128,S1532,CSE103,Final Internal,100,40
T4129,S1533,CSE104,Internal 1,100,49
T4130,S1533,CSE102,Internal 2,100,49
T4131,S1533,CSE103,Model Exam,100,49
T4132,S1533,CSE104,Final Internal,100,49
T4133,S1534,CSE101,Internal 1,100,41
T4134,S1534,CSE102,Internal 2,100,39
T4135,S1534,CSE104,Model Exam,100,38
T4136,S1534,CSE103,Final Internal,100,36
T4137,S1535,CSE102,Internal 1,100,35
T4138,S1535,CSE103,Internal 2,100,35
T4139,S1535,CSE102,Model Exam,100,35
T4140,S1535,CSE101,Final Internal,100,35
T4141,S1536,CIVIL105,Internal 1,100,98
T4142,S1536,CIVIL104,Internal 2,100,98
T4143,S1536,CIVIL102,Model Exam,100,98
T4144,S1536,CIVIL101,Final Internal,100,98
T4145,S1537,MECH102,Internal 1,100,72
T4146,S1537,MECH102,Internal 2,100,72
T4147,S1537,MECH101,Model Exam,100,72
T4148,S1537,MECH101,Final Internal,100,72
T4149,S1538,CIVIL105,Internal 1,100,66
T4150,S1538,CIVIL104,Internal 2,100,66
T4151,S1538,CIVIL103,Model Exam,100,66
T4152,S1538,CIVIL104,Final Internal,100,66
T4153,S1539,EEE103,Internal 1,100,86
T4154,S1539,EEE103,Internal 2,100,86
T4155,S1539,EEE102,Model Exam,100,86
T4156,S1539,EEE101,Final Internal,100,86
T4157,S1540,CSE104,Internal 1,100,56
T4158,S1540,CSE105,Internal 2,100,52
T4159,S1540,CSE101,Model Exam,100,49
T4160,S1540,CSE101,Final Internal,100,44
T4161,S1541,MECH101,Internal 1,100,53
T4162,S1541,MECH101,Internal 2,100,49
T4163,S1541,MECH101,Model Exam,100,48
T4164,S1541,MECH102,Final Internal,100,43
T4165,S1542,CSE102,Internal 1,100,77
T4166,S1542,CSE102,Internal 2,100,77
T4167,S1542,CSE101,Model Exam,100,77
T4168,S1542,CSE103,Final Internal,100,77
T4169,S1543,MECH105,Internal 1,100,51
T4170,S1543,MECH102,Internal 2,100,51
T4171,S1543,MECH104,Model Exam,100,51
T4172,S1543,MECH105,Final Internal,100,51
T4173,S1544,MECH103,Internal 1,100,76
T4174,S1544,MECH103,Internal 2,100,76
T4175,S1544,MECH105,Model Exam,100,76
T4176,S1544,MECH104,Final Internal,100,76
T4177,S1545,ECE104,Internal 1,100,55
T4178,S1545,ECE105,Internal 2,100,55
T4179,S1545,ECE102,Model Exam,100,55
T4180,S1545,ECE103,Final Internal,100,55
T4181,S1546,CSE104,Internal 1,100,50
T4182,S1546,CSE102,Internal 2,100,47
T4183,S1546,CSE104,Model Exam,100,45
T4184,S1546,CSE101,Final Internal,100,41
T4185,S1547,MECH101,Internal 1,100,97
T4186,S1547,MECH102,Internal 2,100,97
T4187,S1547,MECH104,Model Exam,100,97
T4188,S1547,MECH105,Final Internal,100,97
T4189,S1548,ECE104,Internal 1,100,52
T4190,S1548,ECE101,Internal 2,100,47
T4191,S1548,ECE101,Model Exam,100,42
T4192,S1548,ECE103,Final Internal,100,39
T4193,S1549,CSE102,Internal 1,100,42
T4194,S1549,CSE103,Internal 2,100,41
T4195,S1549,CSE101,Model Exam,100,39
T4196,S1549,CSE103,Final Internal,100,38
T4197,S1550,CIVIL102,Internal 1,100,77
T4198,S1550,CIVIL104,Internal 2,100,77
T4199,S1550,CIVIL103,Model Exam,100,77
T4200,S1550,CIVIL103,Final Internal,100,77
T4201,S1551,CIVIL101,Internal 1,100,71
T4202,S1551,CIVIL105,Internal 2,100,71
T4203,S1551,CIVIL103,Model Exam,100,71
T4204,S1551,CIVIL104,Final Internal,100,71
T4205,S1552,EEE103,Internal 1,100,59
T4206,S1552,EEE101,Internal 2,100,54
T4207,S1552,EEE104,Model Exam,100,51
T4208,S1552,EEE103,Final Internal,100,50
T4209,S1553,MECH105,Internal 1,100,86
T4210,S1553,MECH103,Internal 2,100,86
T4211,S1553,MECH101,Model Exam,100,86
T4212,S1553,MECH102,Final Internal,100,86
T4213,S1554,CIVIL103,Internal 1,100,82
T4214,S1554,CIVIL103,Internal 2,100,82
T4215,S1554,CIVIL101,Model Exam,100,82
T4216,S1554,CIVIL105,Final Internal,100,82
T4217,S1555,MECH104,Internal 1,100,37
T4218,S1555,MECH103,Internal 2,100,36
T4219,S1555,MECH105,Model Exam,100,35
T4220,S1555,MECH101,Final Internal,100,35
T4221,S1556,EEE105,Internal 1,100,79
T4222,S1556,EEE105,Internal 2,100,79
T4223,S1556,EEE102,Model Exam,100,79
T4224,S1556,EEE102,Final Internal,100,79
T4225,S1557,MECH104,Internal 1,100,48
T4226,S1557,MECH101,Internal 2,100,44
T4227,S1557,MECH103,Model Exam,100,42
T4228,S1557,MECH105,Final Internal,100,39
T4229,S1558,CIVIL101,Internal 1,100,88
T4230,S1558,CIVIL102,Internal 2,100,88
T4231,S1558,CIVIL103,Model Exam,100,88
T4232,S1558,CIVIL105,Final Internal,100,88
T4233,S1559,EEE105,Internal 1,100,71
T4234,S1559,EEE102,Internal 2,100,71
T4235,S1559,EEE102,Model Exam,100,71
T4236,S1559,EEE104,Final Internal,100,71
T4237,S1560,ECE102,Internal 1,100,53
T4238,S1560,ECE104,Internal 2,100,49
T4239,S1560,ECE104,Model Exam,100,45
T4240,S1560,ECE102,Final Internal,100,42
T4241,S1561,CSE103,Internal 1,100,41
T4242,S1561,CSE103,Internal 2,100,37
T4243,S1561,CSE105,Model Exam,100,35
T4244,S1561,CSE101,Final Internal,100,35
T4245,S1562,EEE101,Internal 1,100,81
T4246,S1562,EEE105,Internal 2,100,81
T4247,S1562,EEE105,Model Exam,100,81
T4248,S1562,EEE104,Final Internal,100,81
T4249,S1563,CSE101,Internal 1,100,69
T4250,S1563,CSE101,Internal 2,100,69
T4251,S1563,CSE103,Model Exam,100,69
T4252,S1563,CSE102,Final Internal,100,69
T4253,S1564,EEE102,Internal 1,100,80
T4254,S1564,EEE103,Internal 2,100,80
T4255,S1564,EEE104,Model Exam,100,80
T4256,S1564,EEE103,Final Internal,100,80
T4257,S1565,CSE103,Internal 1,100,95
T4258,S1565,CSE102,Internal 2,100,95
T4259,S1565,CSE101,Model Exam,100,95
T4260,S1565,CSE105,Final Internal,100,95
T4261,S1566,MECH105,Internal 1,100,43
T4262,S1566,MECH101,Internal 2,100,42
T4263,S1566,MECH104,Model Exam,100,37
T4264,S1566,MECH102,Final Internal,100,35
T4265,S1567,MECH104,Internal 1,100,85
T4266,S1567,MECH102,Internal 2,100,85
T4267,S1567,MECH103,Model Exam,100,85
T4268,S1567,MECH101,Final Internal,100,85
T4269,S1568,EEE103,Internal 1,100,85
T4270,S1568,EEE104,Internal 2,100,85
T4271,S1568,EEE101,Model Exam,100,85
T4272,S1568,EEE105,Final Internal,100,85
T4273,S1569,ECE101,Internal 1,100,95
T4274,S1569,ECE102,Internal 2,100,95
T4275,S1569,ECE102,Model Exam,100,95
T4276,S1569,ECE103,Final Internal,100,95
T4277,S1570,ECE103,Internal 1,100,81
T4278,S1570,ECE104,Internal 2,100,81
T4279,S1570,ECE102,Model Exam,100,81
T4280,S1570,ECE101,Final Internal,100,81
T4281,S1571,CSE102,Internal 1,100,43
T4282,S1571,CSE101,Internal 2,100,43
T4283,S1571,CSE103,Model Exam,100,43
T4284,S1571,CSE101,Final Internal,100,43
T4285,S1572,CSE104,Internal 1,100,48
T4286,S1572,CSE103,Internal 2,100,43
T4287,S1572,CSE101,Model Exam,100,38
T4288,S1572,CSE105,Final Internal,100,36
T4289,S1573,CIVIL102,Internal 1,100,52
T4290,S1573,CIVIL105,Internal 2,100,50
T4291,S1573,CIVIL103,Model Exam,100,49
T4292,S1573,CIVIL101,Final Internal,100,48
T4293,S1574,CIVIL102,Internal 1,100,79
T4294,S1574,CIVIL101,Internal 2,100,79
T4295,S1574,CIVIL101,Model Exam,100,79
T4296,S1574,CIVIL101,Final Internal,100,79
T4297,S1575,EEE104,Internal 1,100,68
T4298,S1575,EEE104,Internal 2,100,68
T4299,S1575,EEE105,Model Exam,100,68
T4300,S1575,EEE102,Final Internal,100,68
T4301,S1576,MECH101,Internal 1,100,55
T4302,S1576,MECH102,Internal 2,100,55
T4303,S1576,MECH102,Model Exam,100,55
T4304,S1576,MECH103,Final Internal,100,55
T4305,S1577,CIVIL103,Internal 1,100,91
T4306,S1577,CIVIL102,Internal 2,100,91
T4307,S1577,CIVIL103,Model Exam,100,91
T4308,S1577,CIVIL103,Final Internal,100,91
T4309,S1578,CIVIL101,Internal 1,100,96
T4310,S1578,CIVIL102,Internal 2,100,96
T4311,S1578,CIVIL101,Model Exam,100,96
T4312,S1578,CIVIL103,Final Internal,100,96
T4313,S1579,EEE101,Internal 1,100,46
T4314,S1579,EEE102,Internal 2,100,46
T4315,S1579,EEE102,Model Exam,100,46
T4316,S1579,EEE101,Final Internal,100,46
T4317,S1580,ECE102,Internal 1,100,69
T4318,S1580,ECE102,Internal 2,100,69
T4319,S1580,ECE104,Model Exam,100,69
T4320,S1580,ECE104,Final Internal,100,69
T4321,S1581,CSE105,Internal 1,100,83
T4322,S1581,CSE105,Internal 2,100,83
T4323,S1581,CSE101,Model Exam,100,83
T4324,S1581,CSE105,Final Internal,100,83
T4325,S1582,CIVIL105,Internal 1,100,85
T4326,S1582,CIVIL104,Internal 2,100,85
T4327,S1582,CIVIL103,Model Exam,100,85
T4328,S1582,CIVIL104,Final Internal,100,85
T4329,S1583,CIVIL102,Internal 1,100,90
T4330,S1583,CIVIL104,Internal 2,100,90
T4331,S1583,CIVIL105,Model Exam,100,90
T4332,S1583,CIVIL101,Final Internal,100,90
T4333,S1584,MECH104,Internal 1,100,95
T4334,S1584,MECH105,Internal 2,100,95
T4335,S1584,MECH101,Model Exam,100,95
T4336,S1584,MECH104,Final Internal,100,95
T4337,S1585,CSE105,Internal 1,100,99
T4338,S1585,CSE101,Internal 2,100,99
T4339,S1585,CSE104,Model Exam,100,99
T4340,S1585,CSE105,Final Internal,100,99
T4341,S1586,CIVIL104,Internal 1,100,99
T4342,S1586,CIVIL101,Internal 2,100,99
T4343,S1586,CIVIL104,Model Exam,100,99
T4344,S1586,CIVIL103,Final Internal,100,99
T4345,S1587,EEE102,Internal 1,100,68
T4346,S1587,EEE101,Internal 2,100,68
T4347,S1587,EEE101,Model Exam,100,68
T4348,S1587,EEE102,Final Internal,100,68
T4349,S1588,EEE101,Internal 1,100,94
T4350,S1588,EEE105,Internal 2,100,94
T4351,S1588,EEE105,Model Exam,100,94
T4352,S1588,EEE103,Final Internal,100,94
T4353,S1589,CSE102,Internal 1,100,75
T4354,S1589,CSE102,Internal 2,100,75
T4355,S1589,CSE103,Model Exam,100,75
T4356,S1589,CSE101,Final Internal,100,75
T4357,S1590,CSE105,Internal 1,100,94
T4358,S1590,CSE101,Internal 2,100,94
T4359,S1590,CSE102,Model Exam,100,94
T4360,S1590,CSE101,Final Internal,100,94
T4361,S1591,CSE102,Internal 1,100,43
T4362,S1591,CSE103,Internal 2,100,42
T4363,S1591,CSE103,Model Exam,100,41
T4364,S1591,CSE103,Final Internal,100,37
T4365,S1592,CSE101,Internal 1,100,86
T4366,S1592,CSE103,Internal 2,100,86
T4367,S1592,CSE102,Model Exam,100,86
T4368,S1592,CSE102,Final Internal,100,86
T4369,S1593,ECE103,Internal 1,100,45
T4370,S1593,ECE102,Internal 2,100,41
T4371,S1593,ECE103,Model Exam,100,40
T4372,S1593,ECE104,Final Internal,100,37
T4373,S1594,EEE103,Internal 1,100,90
T4374,S1594,EEE105,Internal 2,100,90
T4375,S1594,EEE104,Model Exam,100,90
T4376,S1594,EEE101,Final Internal,100,90
T4377,S1595,CIVIL104,Internal 1,100,84
T4378,S1595,CIVIL101,Internal 2,100,84
T4379,S1595,CIVIL105,Model Exam,100,84
T4380,S1595,CIVIL101,Final Internal,100,84
T4381,S1596,MECH105,Internal 1,100,44
T4382,S1596,MECH105,Internal 2,100,40
T4383,S1596,MECH103,Model Exam,100,35
T4384,S1596,MECH103,Final Internal,100,35
T4385,S1597,ECE104,Internal 1,100,42
T4386,S1597,ECE101,Internal 2,100,42
T4387,S1597,ECE105,Model Exam,100,42
T4388,S1597,ECE102,Final Internal,100,42
T4389,S1598,MECH105,Internal 1,100,74
T4390,S1598,MECH104,Internal 2,100,74
T4391,S1598,MECH102,Model Exam,100,74
T4392,S1598,MECH101,Final Internal,100,74
T4393,S1599,EEE102,Internal 1,100,35
T4394,S1599,EEE103,Internal 2,100,35
T4395,S1599,EEE105,Model Exam,100,35
T4396,S1599,EEE105,Final Internal,100,35
T4397,S1600,MECH102,Internal 1,100,62
T4398,S1600,MECH103,Internal 2,100,62
T4399,S1600,MECH102,Model Exam,100,62
T4400,S1600,MECH101,Final Internal,100,62
T4401,S1601,EEE105,Internal 1,100,78
T4402,S1601,EEE102,Internal 2,100,78
T4403,S1601,EEE103,Model Exam,100,78
T4404,S1601,EEE105,Final Internal,100,78
T4405,S1602,MECH104,Internal 1,100,94
T4406,S1602,MECH102,Internal 2,100,94
T4407,S1602,MECH105,Model Exam,100,94
T4408,S1602,MECH103,Final Internal,100,94
T4409,S1603,ECE102,Internal 1,100,98
T4410,S1603,ECE102,Internal 2,100,98
T4411,S1603,ECE102,Model Exam,100,98
T4412,S1603,ECE101,Final Internal,100,98
T4413,S1604,ECE102,Internal 1,100,36
T4414,S1604,ECE103,Internal 2,100,35
T4415,S1604,ECE104,Model Exam,100,35
T4416,S1604,ECE102,Final Internal,100,35
T4417,S1605,CIVIL103,Internal 1,100,77
T4418,S1605,CIVIL103,Internal 2,100,77
T4419,S1605,CIVIL102,Model Exam,100,77
T4420,S1605,CIVIL104,Final Internal,100,77
T4421,S1606,MECH101,Internal 1,100,81
T4422,S1606,MECH104,Internal 2,100,81
T4423,S1606,MECH103,Model Exam,100,81
T4424,S1606,MECH105,Final Internal,100,81
T4425,S1607,ECE104,Internal 1,100,68
T4426,S1607,ECE105,Internal 2,100,68
T4427,S1607,ECE103,Model Exam,100,68
T4428,S1607,ECE104,Final Internal,100,68
T4429,S1608,CIVIL101,Internal 1,100,99
T4430,S1608,CIVIL103,Internal 2,100,99
T4431,S1608,CIVIL102,Model Exam,100,99
T4432,S1608,CIVIL102,Final Internal,100,99
T4433,S1609,ECE105,Internal 1,100,100
T4434,S1609,ECE102,Internal 2,100,100
T4435,S1609,ECE101,Model Exam,100,100
T4436,S1609,ECE102,Final Internal,100,100
T4437,S1610,CIVIL102,Internal 1,100,55
T4438,S1610,CIVIL102,Internal 2,100,55
T4439,S1610,CIVIL101,Model Exam,100,55
T4440,S1610,CIVIL101,Final Internal,100,55
T4441,S1611,MECH101,Internal 1,100,87
T4442,S1611,MECH101,Internal 2,100,87
T4443,S1611,MECH105,Model Exam,100,87
T4444,S1611,MECH102,Final Internal,100,87
T4445,S1612,CSE104,Internal 1,100,89
T4446,S1612,CSE101,Internal 2,100,89
T4447,S1612,CSE104,Model Exam,100,89
T4448,S1612,CSE105,Final Internal,100,89
T4449,S1613,EEE101,Internal 1,100,73
T4450,S1613,EEE103,Internal 2,100,73
T4451,S1613,EEE101,Model Exam,100,73
T4452,S1613,EEE102,Final Internal,100,73
T4453,S1614,CIVIL105,Internal 1,100,83
T4454,S1614,CIVIL102,Internal 2,100,83
T4455,S1614,CIVIL102,Model Exam,100,83
T4456,S1614,CIVIL101,Final Internal,100,83
T4457,S1615,ECE103,Internal 1,100,35
T4458,S1615,ECE105,Internal 2,100,35
T4459,S1615,ECE101,Model Exam,100,35
T4460,S1615,ECE105,Final Internal,100,35
T4461,S1616,MECH105,Internal 1,100,39
T4462,S1616,MECH105,Internal 2,100,36
T4463,S1616,MECH104,Model Exam,100,35
T4464,S1616,MECH104,Final Internal,100,35
T4465,S1617,MECH103,Internal 1,100,81
T4466,S1617,MECH101,Internal 2,100,81
T4467,S1617,MECH103,Model Exam,100,81
T4468,S1617,MECH105,Final Internal,100,81
T4469,S1618,EEE105,Internal 1,100,81
T4470,S1618,EEE102,Internal 2,100,81
T4471,S1618,EEE104,Model Exam,100,81
T4472,S1618,EEE103,Final Internal,100,81
T4473,S1619,CIVIL101,Internal 1,100,38
T4474,S1619,CIVIL101,Internal 2,100,35
T4475,S1619,CIVIL103,Model Exam,100,35
T4476,S1619,CIVIL102,Final Internal,100,35
T4477,S1620,MECH101,Internal 1,100,100
T4478,S1620,MECH104,Internal 2,100,100
T4479,S1620,MECH103,Model Exam,100,100
T4480,S1620,MECH102,Final Internal,100,100
T4481,S1621,EEE104,Internal 1,100,85
T4482,S1621,EEE101,Internal 2,100,85
T4483,S1621,EEE102,Model Exam,100,85
T4484,S1621,EEE102,Final Internal,100,85
T4485,S1622,CIVIL102,Internal 1,100,77
T4486,S1622,CIVIL104,Internal 2,100,77
T4487,S1622,CIVIL104,Model Exam,100,77
T4488,S1622,CIVIL102,Final Internal,100,77
T4489,S1623,ECE101,Internal 1,100,67
T4490,S1623,ECE101,Internal 2,100,67
T4491,S1623,ECE101,Model Exam,100,67
T4492,S1623,ECE105,Final Internal,100,67
T4493,S1624,CSE102,Internal 1,100,57
T4494,S1624,CSE103,Internal 2,100,54
T4495,S1624,CSE105,Model Exam,100,53
T4496,S1624,CSE103,Final Internal,100,51
T4497,S1625,EEE102,Internal 1,100,78
T4498,S1625,EEE101,Internal 2,100,78
T4499,S1625,EEE105,Model Exam,100,78
T4500,S1625,EEE102,Final Internal,100,78
T4501,S1626,MECH103,Internal 1,100,80
T4502,S1626,MECH101,Internal 2,100,80
T4503,S1626,MECH102,Model Exam,100,80
T4504,S1626,MECH104,Final Internal,100,80
T4505,S1627,CIVIL105,Internal 1,100,93
T4506,S1627,CIVIL105,Internal 2,100,93
T4507,S1627,CIVIL104,Model Exam,100,93
T4508,S1627,CIVIL101,Final Internal,100,93
T4509,S1628,MECH101,Internal 1,100,43
T4510,S1628,MECH103,Internal 2,100,42
T4511,S1628,MECH104,Model Exam,100,38
T4512,S1628,MECH104,Final Internal,100,35
T4513,S1629,ECE105,Internal 1,100,74
T4514,S1629,ECE103,Internal 2,100,74
T4515,S1629,ECE104,Model Exam,100,74
T4516,S1629,ECE102,Final Internal,100,74
T4517,S1630,MECH104,Internal 1,100,70
T4518,S1630,MECH104,Internal 2,100,70
T4519,S1630,MECH101,Model Exam,100,70
T4520,S1630,MECH105,Final Internal,100,70
T4521,S1631,CSE105,Internal 1,100,83
T4522,S1631,CSE102,Internal 2,100,83
T4523,S1631,CSE104,Model Exam,100,83
T4524,S1631,CSE103,Final Internal,100,83
T4525,S1632,ECE102,Internal 1,100,49
T4526,S1632,ECE103,Internal 2,100,49
T4527,S1632,ECE102,Model Exam,100,49
T4528,S1632,ECE104,Final Internal,100,49
T4529,S1633,CSE104,Internal 1,100,45
T4530,S1633,CSE105,Internal 2,100,42
T4531,S1633,CSE104,Model Exam,100,40
T4532,S1633,CSE102,Final Internal,100,35
T4533,S1634,EEE105,Internal 1,100,74
T4534,S1634,EEE102,Internal 2,100,74
T4535,S1634,EEE103,Model Exam,100,74
T4536,S1634,EEE105,Final Internal,100,74
T4537,S1635,CSE104,Internal 1,100,85
T4538,S1635,CSE101,Internal 2,100,85
T4539,S1635,CSE101,Model Exam,100,85
T4540,S1635,CSE105,Final Internal,100,85
T4541,S1636,ECE105,Internal 1,100,66
T4542,S1636,ECE102,Internal 2,100,66
T4543,S1636,ECE105,Model Exam,100,66
T4544,S1636,ECE105,Final Internal,100,66
T4545,S1637,EEE103,Internal 1,100,92
T4546,S1637,EEE104,Internal 2,100,92
T4547,S1637,EEE103,Model Exam,100,92
T4548,S1637,EEE103,Final Internal,100,92
T4549,S1638,EEE103,Internal 1,100,87
T4550,S1638,EEE105,Internal 2,100,87
T4551,S1638,EEE104,Model Exam,100,87
T4552,S1638,EEE101,Final Internal,100,87
T4553,S1639,CSE103,Internal 1,100,71
T4554,S1639,CSE105,Internal 2,100,71
T4555,S1639,CSE104,Model Exam,100,71
T4556,S1639,CSE101,Final Internal,100,71
T4557,S1640,ECE104,Internal 1,100,35
T4558,S1640,ECE103,Internal 2,100,35
T4559,S1640,ECE104,Model Exam,100,35
T4560,S1640,ECE105,Final Internal,100,35
T4561,S1641,EEE105,Internal 1,100,100
T4562,S1641,EEE102,Internal 2,100,100
T4563,S1641,EEE104,Model Exam,100,100
T4564,S1641,EEE101,Final Internal,100,100
T4565,S1642,EEE104,Internal 1,100,86
T4566,S1642,EEE103,Internal 2,100,86
T4567,S1642,EEE105,Model Exam,100,86
T4568,S1642,EEE105,Final Internal,100,86
T4569,S1643,CIVIL104,Internal 1,100,44
T4570,S1643,CIVIL105,Internal 2,100,40
T4571,S1643,CIVIL104,Model Exam,100,39
T4572,S1643,CIVIL104,Final Internal,100,35
T4573,S1644,EEE104,Internal 1,100,78
T4574,S1644,EEE105,Internal 2,100,78
T4575,S1644,EEE103,Model Exam,100,78
T4576,S1644,EEE104,Final Internal,100,78
T4577,S1645,EEE104,Internal 1,100,70
T4578,S1645,EEE103,Internal 2,100,70
T4579,S1645,EEE105,Model Exam,100,70
T4580,S1645,EEE102,Final Internal,100,70
T4581,S1646,CIVIL102,Internal 1,100,100
T4582,S1646,CIVIL102,Internal 2,100,100
T4583,S1646,CIVIL103,Model Exam,100,100
T4584,S1646,CIVIL102,Final Internal,100,100
T4585,S1647,MECH104,Internal 1,100,72
T4586,S1647,MECH105,Internal 2,100,72
T4587,S1647,MECH104,Model Exam,100,72
T4588,S1647,MECH103,Final Internal,100,72
T4589,S1648,MECH104,Internal 1,100,71
T4590,S1648,MECH103,Internal 2,100,71
T4591,S1648,MECH105,Model Exam,100,71
T4592,S1648,MECH103,Final Internal,100,71
T4593,S1649,EEE102,Internal 1,100,42
T4594,S1649,EEE101,Internal 2,100,38
T4595,S1649,EEE104,Model Exam,100,35
T4596,S1649,EEE105,Final Internal,100,35
T4597,S1650,EEE102,Internal 1,100,35
T4598,S1650,EEE101,Internal 2,100,35
T4599,S1650,EEE102,Model Exam,100,35
T4600,S1650,EEE105,Final Internal,100,35
T4601,S1651,CSE105,Internal 1,100,92
T4602,S1651,CSE101,Internal 2,100,92
T4603,S1651,CSE104,Model Exam,100,92
T4604,S1651,CSE104,Final Internal,100,92
T4605,S1652,CIVIL101,Internal 1,100,70
T4606,S1652,CIVIL101,Internal 2,100,70
T4607,S1652,CIVIL102,Model Exam,100,70
T4608,S1652,CIVIL101,Final Internal,100,70
T4609,S1653,EEE103,Internal 1,100,54
T4610,S1653,EEE101,Internal 2,100,49
T4611,S1653,EEE102,Model Exam,100,48
T4612,S1653,EEE103,Final Internal,100,43
T4613,S1654,CIVIL103,Internal 1,100,42
T4614,S1654,CIVIL102,Internal 2,100,41
T4615,S1654,CIVIL103,Model Exam,100,37
T4616,S1654,CIVIL105,Final Internal,100,36
T4617,S1655,CIVIL103,Internal 1,100,47
T4618,S1655,CIVIL103,Internal 2,100,46
T4619,S1655,CIVIL101,Model Exam,100,45
T4620,S1655,CIVIL105,Final Internal,100,44
T4621,S1656,EEE105,Internal 1,100,56
T4622,S1656,EEE101,Internal 2,100,55
T4623,S1656,EEE103,Model Exam,100,53
T4624,S1656,EEE104,Final Internal,100,50
T4625,S1657,ECE105,Internal 1,100,75
T4626,S1657,ECE103,Internal 2,100,75
T4627,S1657,ECE103,Model Exam,100,75
T4628,S1657,ECE103,Final Internal,100,75
T4629,S1658,CSE102,Internal 1,100,49
T4630,S1658,CSE104,Internal 2,100,47
T4631,S1658,CSE101,Model Exam,100,44
T4632,S1658,CSE104,Final Internal,100,43
T4633,S1659,MECH102,Internal 1,100,55
T4634,S1659,MECH104,Internal 2,100,55
T4635,S1659,MECH105,Model Exam,100,55
T4636,S1659,MECH101,Final Internal,100,55
T4637,S1660,ECE102,Internal 1,100,79
T4638,S1660,ECE104,Internal 2,100,79
T4639,S1660,ECE104,Model Exam,100,79
T4640,S1660,ECE104,Final Internal,100,79
T4641,S1661,EEE105,Internal 1,100,88
T4642,S1661,EEE103,Internal 2,100,88
T4643,S1661,EEE104,Model Exam,100,88
T4644,S1661,EEE104,Final Internal,100,88
T4645,S1662,ECE103,Internal 1,100,69
T4646,S1662,ECE102,Internal 2,100,69
T4647,S1662,ECE101,Model Exam,100,69
T4648,S1662,ECE104,Final Internal,100,69
T4649,S1663,CSE105,Internal 1,100,89
T4650,S1663,CSE102,Internal 2,100,89
T4651,S1663,CSE104,Model Exam,100,89
T4652,S1663,CSE105,Final Internal,100,89
T4653,S1664,CSE103,Internal 1,100,57
T4654,S1664,CSE101,Internal 2,100,53
T4655,S1664,CSE103,Model Exam,100,49
T4656,S1664,CSE105,Final Internal,100,45
T4657,S1665,MECH105,Internal 1,100,94
T4658,S1665,MECH101,Internal 2,100,94
T4659,S1665,MECH102,Model Exam,100,94
T4660,S1665,MECH102,Final Internal,100,94
T4661,S1666,ECE102,Internal 1,100,74
T4662,S1666,ECE101,Internal 2,100,74
T4663,S1666,ECE104,Model Exam,100,74
T4664,S1666,ECE105,Final Internal,100,74
T4665,S1667,EEE101,Internal 1,100,94
T4666,S1667,EEE105,Internal 2,100,94
T4667,S1667,EEE103,Model Exam,100,94
T4668,S1667,EEE102,Final Internal,100,94
T4669,S1668,CIVIL103,Internal 1,100,80
T4670,S1668,CIVIL104,Internal 2,100,80
T4671,S1668,CIVIL101,Model Exam,100,80
T4672,S1668,CIVIL105,Final Internal,100,80
T4673,S1669,MECH105,Internal 1,100,90
T4674,S1669,MECH103,Internal 2,100,90
T4675,S1669,MECH102,Model Exam,100,90
T4676,S1669,MECH104,Final Internal,100,90
T4677,S1670,MECH101,Internal 1,100,39
T4678,S1670,MECH102,Internal 2,100,37
T4679,S1670,MECH105,Model Exam,100,36
T4680,S1670,MECH103,Final Internal,100,35
T4681,S1671,ECE104,Internal 1,100,75
T4682,S1671,ECE103,Internal 2,100,75
T4683,S1671,ECE105,Model Exam,100,75
T4684,S1671,ECE105,Final Internal,100,75
T4685,S1672,CIVIL102,Internal 1,100,83
T4686,S1672,CIVIL102,Internal 2,100,83
T4687,S1672,CIVIL105,Model Exam,100,83
T4688,S1672,CIVIL102,Final Internal,100,83
T4689,S1673,ECE104,Internal 1,100,43
T4690,S1673,ECE105,Internal 2,100,38
T4691,S1673,ECE103,Model Exam,100,36
T4692,S1673,ECE102,Final Internal,100,35
T4693,S1674,EEE101,Internal 1,100,68
T4694,S1674,EEE101,Internal 2,100,68
T4695,S1674,EEE101,Model Exam,100,68
T4696,S1674,EEE105,Final Internal,100,68
T4697,S1675,ECE105,Internal 1,100,95
T4698,S1675,ECE103,Internal 2,100,95
T4699,S1675,ECE101,Model Exam,100,95
T4700,S1675,ECE103,Final Internal,100,95
T4701,S1676,ECE104,Internal 1,100,76
T4702,S1676,ECE102,Internal 2,100,76
T4703,S1676,ECE102,Model Exam,100,76
T4704,S1676,ECE102,Final Internal,100,76
T4705,S1677,CIVIL102,Internal 1,100,96
T4706,S1677,CIVIL103,Internal 2,100,96
T4707,S1677,CIVIL102,Model Exam,100,96
T4708,S1677,CIVIL105,Final Internal,100,96
T4709,S1678,EEE105,Internal 1,100,76
T4710,S1678,EEE104,Internal 2,100,76
T4711,S1678,EEE105,Model Exam,100,76
T4712,S1678,EEE104,Final Internal,100,76
T4713,S1679,MECH101,Internal 1,100,73
T4714,S1679,MECH103,Internal 2,100,73
T4715,S1679,MECH101,Model Exam,100,73
T4716,S1679,MECH101,Final Internal,100,73
T4717,S1680,CIVIL104,Internal 1,100,62
T4718,S1680,CIVIL102,Internal 2,100,62
T4719,S1680,CIVIL102,Model Exam,100,62
T4720,S1680,CIVIL104,Final Internal,100,62
T4721,S1681,ECE105,Internal 1,100,60
T4722,S1681,ECE102,Internal 2,100,60
T4723,S1681,ECE105,Model Exam,100,60
T4724,S1681,ECE102,Final Internal,100,60
T4725,S1682,ECE104,Internal 1,100,48
T4726,S1682,ECE103,Internal 2,100,45
T4727,S1682,ECE101,Model Exam,100,42
T4728,S1682,ECE104,Final Internal,100,40
T4729,S1683,MECH101,Internal 1,100,75
T4730,S1683,MECH103,Internal 2,100,75
T4731,S1683,MECH105,Model Exam,100,75
T4732,S1683,MECH103,Final Internal,100,75
T4733,S1684,MECH103,Internal 1,100,44
T4734,S1684,MECH101,Internal 2,100,44
T4735,S1684,MECH104,Model Exam,100,44
T4736,S1684,MECH104,Final Internal,100,44
T4737,S1685,CSE104,Internal 1,100,96
T4738,S1685,CSE102,Internal 2,100,96
T4739,S1685,CSE101,Model Exam,100,96
T4740,S1685,CSE101,Final Internal,100,96
T4741,S1686,CIVIL104,Internal 1,100,35
T4742,S1686,CIVIL103,Internal 2,100,35
T4743,S1686,CIVIL104,Model Exam,100,35
T4744,S1686,CIVIL101,Final Internal,100,35
T4745,S1687,CSE101,Internal 1,100,73
T4746,S1687,CSE105,Internal 2,100,73
T4747,S1687,CSE104,Model Exam,100,73
T4748,S1687,CSE104,Final Internal,100,73
T4749,S1688,MECH103,Internal 1,100,100
T4750,S1688,MECH101,Internal 2,100,100
T4751,S1688,MECH103,Model Exam,100,100
T4752,S1688,MECH102,Final Internal,100,100
T4753,S1689,CIVIL105,Internal 1,100,80
T4754,S1689,CIVIL105,Internal 2,100,80
T4755,S1689,CIVIL105,Model Exam,100,80
T4756,S1689,CIVIL102,Final Internal,100,80
T4757,S1690,MECH102,Internal 1,100,38
T4758,S1690,MECH101,Internal 2,100,35
T4759,S1690,MECH101,Model Exam,100,35
T4760,S1690,MECH104,Final Internal,100,35
T4761,S1691,ECE102,Internal 1,100,99
T4762,S1691,ECE103,Internal 2,100,99
T4763,S1691,ECE104,Model Exam,100,99
T4764,S1691,ECE105,Final Internal,100,99
T4765,S1692,ECE105,Internal 1,100,71
T4766,S1692,ECE105,Internal 2,100,71
T4767,S1692,ECE101,Model Exam,100,71
T4768,S1692,ECE101,Final Internal,100,71
T4769,S1693,ECE102,Internal 1,100,60
T4770,S1693,ECE103,Internal 2,100,60
T4771,S1693,ECE104,Model Exam,100,60
T4772,S1693,ECE105,Final Internal,100,60
T4773,S1694,CSE101,Internal 1,100,80
T4774,S1694,CSE103,Internal 2,100,80
T4775,S1694,CSE101,Model Exam,100,80
T4776,S1694,CSE102,Final Internal,100,80
T4777,S1695,CIVIL103,Internal 1,100,61
T4778,S1695,CIVIL105,Internal 2,100,61
T4779,S1695,CIVIL102,Model Exam,100,61
T4780,S1695,CIVIL104,Final Internal,100,61
T4781,S1696,MECH102,Internal 1,100,83
T4782,S1696,MECH104,Internal 2,100,83
T4783,S1696,MECH102,Model Exam,100,83
T4784,S1696,MECH104,Final Internal,100,83
T4785,S1697,CIVIL102,Internal 1,100,75
T4786,S1697,CIVIL104,Internal 2,100,75
T4787,S1697,CIVIL101,Model Exam,100,75
T4788,S1697,CIVIL102,Final Internal,100,75
T4789,S1698,MECH104,Internal 1,100,38
T4790,S1698,MECH105,Internal 2,100,36
T4791,S1698,MECH105,Model Exam,100,35
T4792,S1698,MECH102,Final Internal,100,35
T4793,S1699,EEE101,Internal 1,100,62
T4794,S1699,EEE103,Internal 2,100,62
T4795,S1699,EEE101,Model Exam,100,62
T4796,S1699,EEE102,Final Internal,100,62
T4797,S1700,CSE102,Internal 1,100,81
T4798,S1700,CSE102,Internal 2,100,81
T4799,S1700,CSE104,Model Exam,100,81
T4800,S1700,CSE101,Final Internal,100,81
T4801,S1701,CIVIL104,Internal 1,100,66
T4802,S1701,CIVIL102,Internal 2,100,66
T4803,S1701,CIVIL103,Model Exam,100,66
T4804,S1701,CIVIL103,Final Internal,100,66
T4805,S1702,ECE102,Internal 1,100,67
T4806,S1702,ECE105,Internal 2,100,67
T4807,S1702,ECE101,Model Exam,100,67
T4808,S1702,ECE103,Final Internal,100,67
T4809,S1703,EEE105,Internal 1,100,84
T4810,S1703,EEE103,Internal 2,100,84
T4811,S1703,EEE102,Model Exam,100,84
T4812,S1703,EEE102,Final Internal,100,84
T4813,S1704,CIVIL103,Internal 1,100,71
T4814,S1704,CIVIL103,Internal 2,100,71
T4815,S1704,CIVIL103,Model Exam,100,71
T4816,S1704,CIVIL101,Final Internal,100,71
T4817,S1705,CIVIL103,Internal 1,100,48
T4818,S1705,CIVIL104,Internal 2,100,48
T4819,S1705,CIVIL101,Model Exam,100,48
T4820,S1705,CIVIL104,Final Internal,100,48
T4821,S1706,CSE102,Internal 1,100,91
T4822,S1706,CSE101,Internal 2,100,91
T4823,S1706,CSE105,Model Exam,100,91
T4824,S1706,CSE103,Final Internal,100,91
T4825,S1707,CIVIL103,Internal 1,100,78
T4826,S1707,CIVIL105,Internal 2,100,78
T4827,S1707,CIVIL104,Model Exam,100,78
T4828,S1707,CIVIL101,Final Internal,100,78
T4829,S1708,ECE101,Internal 1,100,49
T4830,S1708,ECE105,Internal 2,100,49
T4831,S1708,ECE101,Model Exam,100,49
T4832,S1708,ECE105,Final Internal,100,49
T4833,S1709,MECH101,Internal 1,100,87
T4834,S1709,MECH105,Internal 2,100,87
T4835,S1709,MECH102,Model Exam,100,87
T4836,S1709,MECH103,Final Internal,100,87
T4837,S1710,MECH102,Internal 1,100,47
T4838,S1710,MECH102,Internal 2,100,47
T4839,S1710,MECH103,Model Exam,100,47
T4840,S1710,MECH102,Final Internal,100,47
T4841,S1711,EEE101,Internal 1,100,68
T4842,S1711,EEE101,Internal 2,100,68
T4843,S1711,EEE103,Model Exam,100,68
T4844,S1711,EEE104,Final Internal,100,68
T4845,S1712,EEE101,Internal 1,100,96
T4846,S1712,EEE101,Internal 2,100,96
T4847,S1712,EEE103,Model Exam,100,96
T4848,S1712,EEE101,Final Internal,100,96
T4849,S1713,CIVIL104,Internal 1,100,74
T4850,S1713,CIVIL105,Internal 2,100,74
T4851,S1713,CIVIL105,Model Exam,100,74
T4852,S1713,CIVIL102,Final Internal,100,74
T4853,S1714,MECH101,Internal 1,100,69
T4854,S1714,MECH105,Internal 2,100,69
T4855,S1714,MECH105,Model Exam,100,69
T4856,S1714,MECH102,Final Internal,100,69
T4857,S1715,CSE102,Internal 1,100,67
T4858,S1715,CSE102,Internal 2,100,67
T4859,S1715,CSE102,Model Exam,100,67
T4860,S1715,CSE101,Final Internal,100,67
T4861,S1716,MECH104,Internal 1,100,95
T4862,S1716,MECH105,Internal 2,100,95
T4863,S1716,MECH102,Model Exam,100,95
T4864,S1716,MECH102,Final Internal,100,95
T4865,S1717,MECH101,Internal 1,100,96
T4866,S1717,MECH101,Internal 2,100,96
T4867,S1717,MECH102,Model Exam,100,96
T4868,S1717,MECH104,Final Internal,100,96
T4869,S1718,ECE104,Internal 1,100,68
T4870,S1718,ECE104,Internal 2,100,68
T4871,S1718,ECE102,Model Exam,100,68
T4872,S1718,ECE102,Final Internal,100,68
T4873,S1719,ECE102,Internal 1,100,35
T4874,S1719,ECE101,Internal 2,100,35
T4875,S1719,ECE102,Model Exam,100,35
T4876,S1719,ECE105,Final Internal,100,35
T4877,S1720,MECH102,Internal 1,100,75
T4878,S1720,MECH103,Internal 2,100,75
T4879,S1720,MECH104,Model Exam,100,75
T4880,S1720,MECH102,Final Internal,100,75
T4881,S1721,MECH104,Internal 1,100,59
T4882,S1721,MECH102,Internal 2,100,56
T4883,S1721,MECH101,Model Exam,100,54
T4884,S1721,MECH101,Final Internal,100,50
T4885,S1722,ECE103,Internal 1,100,82
T4886,S1722,ECE105,Internal 2,100,82
T4887,S1722,ECE104,Model Exam,100,82
T4888,S1722,ECE102,Final Internal,100,82
T4889,S1723,CIVIL103,Internal 1,100,75
T4890,S1723,CIVIL105,Internal 2,100,75
T4891,S1723,CIVIL105,Model Exam,100,75
T4892,S1723,CIVIL105,Final Internal,100,75
T4893,S1724,CIVIL104,Internal 1,100,78
T4894,S1724,CIVIL102,Internal 2,100,78
T4895,S1724,CIVIL104,Model Exam,100,78
T4896,S1724,CIVIL101,Final Internal,100,78
T4897,S1725,CSE102,Internal 1,100,75
T4898,S1725,CSE104,Internal 2,100,75
T4899,S1725,CSE102,Model Exam,100,75
T4900,S1725,CSE103,Final Internal,100,75
T4901,S1726,EEE103,Internal 1,100,91
T4902,S1726,EEE101,Internal 2,100,91
T4903,S1726,EEE104,Model Exam,100,91
T4904,S1726,EEE104,Final Internal,100,91
T4905,S1727,ECE105,Internal 1,100,53
T4906,S1727,ECE105,Internal 2,100,52
T4907,S1727,ECE103,Model Exam,100,49
T4908,S1727,ECE104,Final Internal,100,44
T4909,S1728,CIVIL103,Internal 1,100,65
T4910,S1728,CIVIL105,Internal 2,100,65
T4911,S1728,CIVIL102,Model Exam,100,65
T4912,S1728,CIVIL101,Final Internal,100,65
T4913,S1729,EEE102,Internal 1,100,72
T4914,S1729,EEE104,Internal 2,100,72
T4915,S1729,EEE103,Model Exam,100,72
T4916,S1729,EEE104,Final Internal,100,72
T4917,S1730,ECE102,Internal 1,100,100
T4918,S1730,ECE105,Internal 2,100,100
T4919,S1730,ECE105,Model Exam,100,100
T4920,S1730,ECE103,Final Internal,100,100
T4921,S1731,EEE105,Internal 1,100,98
T4922,S1731,EEE104,Internal 2,100,98
T4923,S1731,EEE105,Model Exam,100,98
T4924,S1731,EEE104,Final Internal,100,98
T4925,S1732,EEE105,Internal 1,100,91
T4926,S1732,EEE102,Internal 2,100,91
T4927,S1732,EEE105,Model Exam,100,91
T4928,S1732,EEE101,Final Internal,100,91
T4929,S1733,CIVIL104,Internal 1,100,66
T4930,S1733,CIVIL103,Internal 2,100,66
T4931,S1733,CIVIL103,Model Exam,100,66
T4932,S1733,CIVIL103,Final Internal,100,66
T4933,S1734,MECH103,Internal 1,100,45
T4934,S1734,MECH102,Internal 2,100,44
T4935,S1734,MECH104,Model Exam,100,42
T4936,S1734,MECH104,Final Internal,100,39
T4937,S1735,CSE102,Internal 1,100,84
T4938,S1735,CSE105,Internal 2,100,84
T4939,S1735,CSE101,Model Exam,100,84
T4940,S1735,CSE102,Final Internal,100,84
T4941,S1736,CIVIL104,Internal 1,100,35
T4942,S1736,CIVIL105,Internal 2,100,35
T4943,S1736,CIVIL102,Model Exam,100,35
T4944,S1736,CIVIL101,Final Internal,100,35
T4945,S1737,CIVIL105,Internal 1,100,51
T4946,S1737,CIVIL102,Internal 2,100,47
T4947,S1737,CIVIL104,Model Exam,100,43
T4948,S1737,CIVIL103,Final Internal,100,42
T4949,S1738,ECE102,Internal 1,100,76
T4950,S1738,ECE104,Internal 2,100,76
T4951,S1738,ECE104,Model Exam,100,76
T4952,S1738,ECE102,Final Internal,100,76
T4953,S1739,CSE103,Internal 1,100,35
T4954,S1739,CSE101,Internal 2,100,35
T4955,S1739,CSE104,Model Exam,100,35
T4956,S1739,CSE104,Final Internal,100,35
T4957,S1740,ECE104,Internal 1,100,75
T4958,S1740,ECE102,Internal 2,100,75
T4959,S1740,ECE105,Model Exam,100,75
T4960,S1740,ECE104,Final Internal,100,75
T4961,S1741,MECH102,Internal 1,100,54
T4962,S1741,MECH105,Internal 2,100,51
T4963,S1741,MECH105,Model Exam,100,48
T4964,S1741,MECH105,Final Internal,100,45
T4965,S1742,MECH103,Internal 1,100,70
T4966,S1742,MECH105,Internal 2,100,70
T4967,S1742,MECH105,Model Exam,100,70
T4968,S1742,MECH104,Final Internal,100,70
T4969,S1743,MECH102,Internal 1,100,69
T4970,S1743,MECH101,Internal 2,100,69
T4971,S1743,MECH102,Model Exam,100,69
T4972,S1743,MECH105,Final Internal,100,69
T4973,S1744,CSE102,Internal 1,100,68
T4974,S1744,CSE101,Internal 2,100,68
T4975,S1744,CSE105,Model Exam,100,68
T4976,S1744,CSE102,Final Internal,100,68
T4977,S1745,MECH101,Internal 1,100,88
T4978,S1745,MECH102,Internal 2,100,88
T4979,S1745,MECH103,Model Exam,100,88
T4980,S1745,MECH104,Final Internal,100,88
T4981,S1746,CSE105,Internal 1,100,75
T4982,S1746,CSE101,Internal 2,100,75
T4983,S1746,CSE103,Model Exam,100,75
T4984,S1746,CSE103,Final Internal,100,75
T4985,S1747,CIVIL103,Internal 1,100,56
T4986,S1747,CIVIL103,Internal 2,100,53
T4987,S1747,CIVIL105,Model Exam,100,50
T4988,S1747,CIVIL103,Final Internal,100,46
T4989,S1748,CIVIL105,Internal 1,100,70
T4990,S1748,CIVIL101,Internal 2,100,70
T4991,S1748,CIVIL104,Model Exam,100,70
T4992,S1748,CIVIL103,Final Internal,100,70
T4993,S1749,CSE102,Internal 1,100,35
T4994,S1749,CSE104,Internal 2,100,35
T4995,S1749,CSE104,Model Exam,100,35
T4996,S1749,CSE101,Final Internal,100,35
T4997,S1750,CIVIL105,Internal 1,100,57
T4998,S1750,CIVIL105,Internal 2,100,55
T4999,S1750,CIVIL103,Model Exam,100,50
T5000,S1750,CIVIL105,Final Internal,100,47
T5001,S1751,CSE102,Internal 1,100,48
T5002,S1751,CSE104,Internal 2,100,46
T5003,S1751,CSE103,Model Exam,100,41
T5004,S1751,CSE101,Final Internal,100,40
T5005,S1752,CIVIL101,Internal 1,100,92
T5006,S1752,CIVIL103,Internal 2,100,92
T5007,S1752,CIVIL102,Model Exam,100,92
T5008,S1752,CIVIL105,Final Internal,100,92
T5009,S1753,EEE104,Internal 1,100,85
T5010,S1753,EEE102,Internal 2,100,85
T5011,S1753,EEE101,Model Exam,100,85
T5012,S1753,EEE104,Final Internal,100,85
T5013,S1754,CIVIL102,Internal 1,100,75
T5014,S1754,CIVIL102,Internal 2,100,75
T5015,S1754,CIVIL103,Model Exam,100,75
T5016,S1754,CIVIL103,Final Internal,100,75
T5017,S1755,CIVIL102,Internal 1,100,53
T5018,S1755,CIVIL101,Internal 2,100,48
T5019,S1755,CIVIL103,Model Exam,100,46
T5020,S1755,CIVIL103,Final Internal,100,43
T5021,S1756,CSE104,Internal 1,100,48
T5022,S1756,CSE103,Internal 2,100,47
T5023,S1756,CSE105,Model Exam,100,46
T5024,S1756,CSE101,Final Internal,100,41
T5025,S1757,CSE101,Internal 1,100,93
T5026,S1757,CSE103,Internal 2,100,93
T5027,S1757,CSE104,Model Exam,100,93
T5028,S1757,CSE105,Final Internal,100,93
T5029,S1758,EEE101,Internal 1,100,87
T5030,S1758,EEE105,Internal 2,100,87
T5031,S1758,EEE104,Model Exam,100,87
T5032,S1758,EEE105,Final Internal,100,87
T5033,S1759,EEE101,Internal 1,100,82
T5034,S1759,EEE101,Internal 2,100,82
T5035,S1759,EEE105,Model Exam,100,82
T5036,S1759,EEE104,Final Internal,100,82
T5037,S1760,EEE102,Internal 1,100,83
T5038,S1760,EEE105,Internal 2,100,83
T5039,S1760,EEE105,Model Exam,100,83
T5040,S1760,EEE104,Final Internal,100,83
T5041,S1761,MECH101,Internal 1,100,76
T5042,S1761,MECH105,Internal 2,100,76
T5043,S1761,MECH101,Model Exam,100,76
T5044,S1761,MECH102,Final Internal,100,76
T5045,S1762,CIVIL103,Internal 1,100,45
T5046,S1762,CIVIL105,Internal 2,100,45
T5047,S1762,CIVIL102,Model Exam,100,45
T5048,S1762,CIVIL105,Final Internal,100,45
T5049,S1763,EEE105,Internal 1,100,71
T5050,S1763,EEE103,Internal 2,100,71
T5051,S1763,EEE101,Model Exam,100,71
T5052,S1763,EEE103,Final Internal,100,71
T5053,S1764,EEE103,Internal 1,100,61
T5054,S1764,EEE105,Internal 2,100,61
T5055,S1764,EEE104,Model Exam,100,61
T5056,S1764,EEE102,Final Internal,100,61
T5057,S1765,ECE103,Internal 1,100,35
T5058,S1765,ECE103,Internal 2,100,35
T5059,S1765,ECE101,Model Exam,100,35
T5060,S1765,ECE105,Final Internal,100,35
T5061,S1766,CIVIL102,Internal 1,100,56
T5062,S1766,CIVIL104,Internal 2,100,56
T5063,S1766,CIVIL104,Model Exam,100,56
T5064,S1766,CIVIL104,Final Internal,100,56
T5065,S1767,MECH102,Internal 1,100,54
T5066,S1767,MECH104,Internal 2,100,54
T5067,S1767,MECH105,Model Exam,100,54
T5068,S1767,MECH105,Final Internal,100,54
T5069,S1768,CIVIL104,Internal 1,100,55
T5070,S1768,CIVIL104,Internal 2,100,52
T5071,S1768,CIVIL101,Model Exam,100,50
T5072,S1768,CIVIL102,Final Internal,100,48
T5073,S1769,CIVIL103,Internal 1,100,56
T5074,S1769,CIVIL102,Internal 2,100,54
T5075,S1769,CIVIL101,Model Exam,100,52
T5076,S1769,CIVIL105,Final Internal,100,51
T5077,S1770,MECH102,Internal 1,100,91
T5078,S1770,MECH103,Internal 2,100,91
T5079,S1770,MECH101,Model Exam,100,91
T5080,S1770,MECH104,Final Internal,100,91
T5081,S1771,ECE104,Internal 1,100,66
T5082,S1771,ECE101,Internal 2,100,66
T5083,S1771,ECE101,Model Exam,100,66
T5084,S1771,ECE105,Final Internal,100,66
T5085,S1772,EEE104,Internal 1,100,68
T5086,S1772,EEE101,Internal 2,100,68
T5087,S1772,EEE103,Model Exam,100,68
T5088,S1772,EEE104,Final Internal,100,68
T5089,S1773,MECH104,Internal 1,100,49
T5090,S1773,MECH104,Internal 2,100,49
T5091,S1773,MECH101,Model Exam,100,49
T5092,S1773,MECH104,Final Internal,100,49
T5093,S1774,CSE103,Internal 1,100,49
T5094,S1774,CSE101,Internal 2,100,48
T5095,S1774,CSE101,Model Exam,100,44
T5096,S1774,CSE103,Final Internal,100,43
T5097,S1775,MECH103,Internal 1,100,71
T5098,S1775,MECH105,Internal 2,100,71
T5099,S1775,MECH101,Model Exam,100,71
T5100,S1775,MECH104,Final Internal,100,71
T5101,S1776,CSE105,Internal 1,100,74
T5102,S1776,CSE104,Internal 2,100,74
T5103,S1776,CSE105,Model Exam,100,74
T5104,S1776,CSE103,Final Internal,100,74
T5105,S1777,ECE103,Internal 1,100,48
T5106,S1777,ECE104,Internal 2,100,45
T5107,S1777,ECE101,Model Exam,100,41
T5108,S1777,ECE103,Final Internal,100,40
T5109,S1778,CIVIL101,Internal 1,100,96
T5110,S1778,CIVIL102,Internal 2,100,96
T5111,S1778,CIVIL102,Model Exam,100,96
T5112,S1778,CIVIL103,Final Internal,100,96
T5113,S1779,CIVIL103,Internal 1,100,49
T5114,S1779,CIVIL102,Internal 2,100,49
T5115,S1779,CIVIL105,Model Exam,100,49
T5116,S1779,CIVIL102,Final Internal,100,49
T5117,S1780,EEE105,Internal 1,100,74
T5118,S1780,EEE105,Internal 2,100,74
T5119,S1780,EEE101,Model Exam,100,74
T5120,S1780,EEE102,Final Internal,100,74
T5121,S1781,EEE101,Internal 1,100,35
T5122,S1781,EEE104,Internal 2,100,35
T5123,S1781,EEE104,Model Exam,100,35
T5124,S1781,EEE105,Final Internal,100,35
T5125,S1782,CIVIL105,Internal 1,100,44
T5126,S1782,CIVIL103,Internal 2,100,43
T5127,S1782,CIVIL104,Model Exam,100,38
T5128,S1782,CIVIL101,Final Internal,100,36
T5129,S1783,MECH102,Internal 1,100,80
T5130,S1783,MECH104,Internal 2,100,80
T5131,S1783,MECH102,Model Exam,100,80
T5132,S1783,MECH105,Final Internal,100,80
T5133,S1784,EEE101,Internal 1,100,35
T5134,S1784,EEE103,Internal 2,100,35
T5135,S1784,EEE105,Model Exam,100,35
T5136,S1784,EEE105,Final Internal,100,35
T5137,S1785,ECE103,Internal 1,100,96
T5138,S1785,ECE105,Internal 2,100,96
T5139,S1785,ECE102,Model Exam,100,96
T5140,S1785,ECE102,Final Internal,100,96
T5141,S1786,ECE104,Internal 1,100,99
T5142,S1786,ECE103,Internal 2,100,99
T5143,S1786,ECE103,Model Exam,100,99
T5144,S1786,ECE102,Final Internal,100,99
T5145,S1787,MECH105,Internal 1,100,82
T5146,S1787,MECH101,Internal 2,100,82
T5147,S1787,MECH102,Model Exam,100,82
T5148,S1787,MECH105,Final Internal,100,82
T5149,S1788,CSE102,Internal 1,100,94
T5150,S1788,CSE102,Internal 2,100,94
T5151,S1788,CSE102,Model Exam,100,94
T5152,S1788,CSE104,Final Internal,100,94
T5153,S1789,MECH102,Internal 1,100,83
T5154,S1789,MECH102,Internal 2,100,83
T5155,S1789,MECH105,Model Exam,100,83
T5156,S1789,MECH103,Final Internal,100,83
T5157,S1790,MECH104,Internal 1,100,75
T5158,S1790,MECH101,Internal 2,100,75
T5159,S1790,MECH105,Model Exam,100,75
T5160,S1790,MECH103,Final Internal,100,75
T5161,S1791,EEE105,Internal 1,100,88
T5162,S1791,EEE101,Internal 2,100,88
T5163,S1791,EEE103,Model Exam,100,88
T5164,S1791,EEE105,Final Internal,100,88
T5165,S1792,EEE103,Internal 1,100,35
T5166,S1792,EEE105,Internal 2,100,35
T5167,S1792,EEE101,Model Exam,100,35
T5168,S1792,EEE103,Final Internal,100,35
T5169,S1793,ECE103,Internal 1,100,35
T5170,S1793,ECE101,Internal 2,100,35
T5171,S1793,ECE101,Model Exam,100,35
T5172,S1793,ECE104,Final Internal,100,35
T5173,S1794,MECH103,Internal 1,100,70
T5174,S1794,MECH104,Internal 2,100,70
T5175,S1794,MECH105,Model Exam,100,70
T5176,S1794,MECH103,Final Internal,100,70
T5177,S1795,EEE103,Internal 1,100,44
T5178,S1795,EEE104,Internal 2,100,40
T5179,S1795,EEE101,Model Exam,100,35
T5180,S1795,EEE105,Final Internal,100,35
T5181,S1796,EEE103,Internal 1,100,81
T5182,S1796,EEE105,Internal 2,100,81
T5183,S1796,EEE104,Model Exam,100,81
T5184,S1796,EEE103,Final Internal,100,81
T5185,S1797,CSE105,Internal 1,100,44
T5186,S1797,CSE101,Internal 2,100,41
T5187,S1797,CSE104,Model Exam,100,36
T5188,S1797,CSE102,Final Internal,100,35
T5189,S1798,EEE101,Internal 1,100,99
T5190,S1798,EEE103,Internal 2,100,99
T5191,S1798,EEE101,Model Exam,100,99
T5192,S1798,EEE105,Final Internal,100,99
T5193,S1799,ECE101,Internal 1,100,39
T5194,S1799,ECE104,Internal 2,100,38
T5195,S1799,ECE101,Model Exam,100,37
T5196,S1799,ECE102,Final Internal,100,35
T5197,S1800,MECH102,Internal 1,100,81
T5198,S1800,MECH105,Internal 2,100,81
T5199,S1800,MECH101,Model Exam,100,81
T5200,S1800,MECH102,Final Internal,100,81
T5201,S1801,ECE102,Internal 1,100,90
T5202,S1801,ECE104,Internal 2,100,90
T5203,S1801,ECE102,Model Exam,100,90
T5204,S1801,ECE103,Final Internal,100,90
T5205,S1802,ECE101,Internal 1,100,80
T5206,S1802,ECE104,Internal 2,100,80
T5207,S1802,ECE105,Model Exam,100,80
T5208,S1802,ECE104,Final Internal,100,80
T5209,S1803,CSE104,Internal 1,100,68
T5210,S1803,CSE105,Internal 2,100,68
T5211,S1803,CSE102,Model Exam,100,68
T5212,S1803,CSE102,Final Internal,100,68
T5213,S1804,CIVIL105,Internal 1,100,56
T5214,S1804,CIVIL101,Internal 2,100,53
T5215,S1804,CIVIL105,Model Exam,100,49
T5216,S1804,CIVIL102,Final Internal,100,44
T5217,S1805,CSE102,Internal 1,100,76
T5218,S1805,CSE104,Internal 2,100,76
T5219,S1805,CSE105,Model Exam,100,76
T5220,S1805,CSE104,Final Internal,100,76
T5221,S1806,ECE105,Internal 1,100,78
T5222,S1806,ECE103,Internal 2,100,78
T5223,S1806,ECE105,Model Exam,100,78
T5224,S1806,ECE101,Final Internal,100,78
T5225,S1807,EEE101,Internal 1,100,51
T5226,S1807,EEE102,Internal 2,100,48
T5227,S1807,EEE102,Model Exam,100,47
T5228,S1807,EEE102,Final Internal,100,46
T5229,S1808,CIVIL102,Internal 1,100,93
T5230,S1808,CIVIL103,Internal 2,100,93
T5231,S1808,CIVIL104,Model Exam,100,93
T5232,S1808,CIVIL104,Final Internal,100,93
T5233,S1809,CIVIL103,Internal 1,100,49
T5234,S1809,CIVIL102,Internal 2,100,44
T5235,S1809,CIVIL104,Model Exam,100,41
T5236,S1809,CIVIL103,Final Internal,100,39
T5237,S1810,ECE102,Internal 1,100,48
T5238,S1810,ECE102,Internal 2,100,46
T5239,S1810,ECE101,Model Exam,100,41
T5240,S1810,ECE102,Final Internal,100,36
T5241,S1811,MECH102,Internal 1,100,66
T5242,S1811,MECH102,Internal 2,100,66
T5243,S1811,MECH101,Model Exam,100,66
T5244,S1811,MECH103,Final Internal,100,66
T5245,S1812,EEE104,Internal 1,100,35
T5246,S1812,EEE104,Internal 2,100,35
T5247,S1812,EEE101,Model Exam,100,35
T5248,S1812,EEE104,Final Internal,100,35
T5249,S1813,CIVIL102,Internal 1,100,79
T5250,S1813,CIVIL102,Internal 2,100,79
T5251,S1813,CIVIL101,Model Exam,100,79
T5252,S1813,CIVIL105,Final Internal,100,79
T5253,S1814,EEE103,Internal 1,100,83
T5254,S1814,EEE104,Internal 2,100,83
T5255,S1814,EEE104,Model Exam,100,83
T5256,S1814,EEE102,Final Internal,100,83
T5257,S1815,ECE101,Internal 1,100,46
T5258,S1815,ECE103,Internal 2,100,41
T5259,S1815,ECE103,Model Exam,100,36
T5260,S1815,ECE102,Final Internal,100,35
T5261,S1816,MECH101,Internal 1,100,72
T5262,S1816,MECH105,Internal 2,100,72
T5263,S1816,MECH102,Model Exam,100,72
T5264,S1816,MECH101,Final Internal,100,72
T5265,S1817,CIVIL103,Internal 1,100,94
T5266,S1817,CIVIL102,Internal 2,100,94
T5267,S1817,CIVIL103,Model Exam,100,94
T5268,S1817,CIVIL103,Final Internal,100,94
T5269,S1818,CIVIL102,Internal 1,100,78
T5270,S1818,CIVIL105,Internal 2,100,78
T5271,S1818,CIVIL102,Model Exam,100,78
T5272,S1818,CIVIL105,Final Internal,100,78
T5273,S1819,ECE101,Internal 1,100,78
T5274,S1819,ECE104,Internal 2,100,78
T5275,S1819,ECE104,Model Exam,100,78
T5276,S1819,ECE105,Final Internal,100,78
T5277,S1820,CSE103,Internal 1,100,76
T5278,S1820,CSE103,Internal 2,100,76
T5279,S1820,CSE102,Model Exam,100,76
T5280,S1820,CSE103,Final Internal,100,76
T5281,S1821,CIVIL103,Internal 1,100,69
T5282,S1821,CIVIL105,Internal 2,100,69
T5283,S1821,CIVIL104,Model Exam,100,69
T5284,S1821,CIVIL103,Final Internal,100,69
T5285,S1822,MECH101,Internal 1,100,74
T5286,S1822,MECH104,Internal 2,100,74
T5287,S1822,MECH101,Model Exam,100,74
T5288,S1822,MECH105,Final Internal,100,74
T5289,S1823,EEE102,Internal 1,100,69
T5290,S1823,EEE102,Internal 2,100,69
T5291,S1823,EEE104,Model Exam,100,69
T5292,S1823,EEE102,Final Internal,100,69
T5293,S1824,CSE105,Internal 1,100,66
T5294,S1824,CSE105,Internal 2,100,66
T5295,S1824,CSE102,Model Exam,100,66
T5296,S1824,CSE102,Final Internal,100,66
T5297,S1825,EEE102,Internal 1,100,83
T5298,S1825,EEE103,Internal 2,100,83
T5299,S1825,EEE104,Model Exam,100,83
T5300,S1825,EEE101,Final Internal,100,83
T5301,S1826,MECH101,Internal 1,100,80
T5302,S1826,MECH104,Internal 2,100,80
T5303,S1826,MECH103,Model Exam,100,80
T5304,S1826,MECH101,Final Internal,100,80
T5305,S1827,CSE103,Internal 1,100,66
T5306,S1827,CSE101,Internal 2,100,66
T5307,S1827,CSE104,Model Exam,100,66
T5308,S1827,CSE103,Final Internal,100,66
T5309,S1828,EEE102,Internal 1,100,78
T5310,S1828,EEE103,Internal 2,100,78
T5311,S1828,EEE102,Model Exam,100,78
T5312,S1828,EEE104,Final Internal,100,78
T5313,S1829,EEE103,Internal 1,100,35
T5314,S1829,EEE101,Internal 2,100,35
T5315,S1829,EEE103,Model Exam,100,35
T5316,S1829,EEE102,Final Internal,100,35
T5317,S1830,MECH103,Internal 1,100,85
T5318,S1830,MECH105,Internal 2,100,85
T5319,S1830,MECH105,Model Exam,100,85
T5320,S1830,MECH105,Final Internal,100,85
T5321,S1831,MECH105,Internal 1,100,70
T5322,S1831,MECH102,Internal 2,100,70
T5323,S1831,MECH105,Model Exam,100,70
T5324,S1831,MECH104,Final Internal,100,70
T5325,S1832,CIVIL101,Internal 1,100,41
T5326,S1832,CIVIL104,Internal 2,100,41
T5327,S1832,CIVIL101,Model Exam,100,41
T5328,S1832,CIVIL104,Final Internal,100,41
T5329,S1833,CIVIL103,Internal 1,100,82
T5330,S1833,CIVIL104,Internal 2,100,82
T5331,S1833,CIVIL102,Model Exam,100,82
T5332,S1833,CIVIL105,Final Internal,100,82
T5333,S1834,EEE101,Internal 1,100,47
T5334,S1834,EEE101,Internal 2,100,42
T5335,S1834,EEE104,Model Exam,100,37
T5336,S1834,EEE104,Final Internal,100,35
T5337,S1835,EEE101,Internal 1,100,48
T5338,S1835,EEE105,Internal 2,100,47
T5339,S1835,EEE103,Model Exam,100,43
T5340,S1835,EEE105,Final Internal,100,42
T5341,S1836,EEE101,Internal 1,100,87
T5342,S1836,EEE101,Internal 2,100,87
T5343,S1836,EEE103,Model Exam,100,87
T5344,S1836,EEE103,Final Internal,100,87
T5345,S1837,MECH102,Internal 1,100,83
T5346,S1837,MECH105,Internal 2,100,83
T5347,S1837,MECH103,Model Exam,100,83
T5348,S1837,MECH101,Final Internal,100,83
T5349,S1838,EEE105,Internal 1,100,68
T5350,S1838,EEE105,Internal 2,100,68
T5351,S1838,EEE103,Model Exam,100,68
T5352,S1838,EEE103,Final Internal,100,68
T5353,S1839,MECH104,Internal 1,100,54
T5354,S1839,MECH104,Internal 2,100,54
T5355,S1839,MECH105,Model Exam,100,54
T5356,S1839,MECH102,Final Internal,100,54
T5357,S1840,ECE101,Internal 1,100,62
T5358,S1840,ECE105,Internal 2,100,62
T5359,S1840,ECE101,Model Exam,100,62
T5360,S1840,ECE105,Final Internal,100,62
T5361,S1841,EEE105,Internal 1,100,52
T5362,S1841,EEE104,Internal 2,100,51
T5363,S1841,EEE104,Model Exam,100,49
T5364,S1841,EEE104,Final Internal,100,45
T5365,S1842,CSE102,Internal 1,100,68
T5366,S1842,CSE105,Internal 2,100,68
T5367,S1842,CSE101,Model Exam,100,68
T5368,S1842,CSE101,Final Internal,100,68
T5369,S1843,CIVIL102,Internal 1,100,76
T5370,S1843,CIVIL103,Internal 2,100,76
T5371,S1843,CIVIL103,Model Exam,100,76
T5372,S1843,CIVIL102,Final Internal,100,76
T5373,S1844,EEE102,Internal 1,100,80
T5374,S1844,EEE105,Internal 2,100,80
T5375,S1844,EEE103,Model Exam,100,80
T5376,S1844,EEE104,Final Internal,100,80
T5377,S1845,CIVIL101,Internal 1,100,75
T5378,S1845,CIVIL101,Internal 2,100,75
T5379,S1845,CIVIL102,Model Exam,100,75
T5380,S1845,CIVIL101,Final Internal,100,75
T5381,S1846,CSE104,Internal 1,100,67
T5382,S1846,CSE105,Internal 2,100,67
T5383,S1846,CSE102,Model Exam,100,67
T5384,S1846,CSE101,Final Internal,100,67
T5385,S1847,MECH103,Internal 1,100,41
T5386,S1847,MECH101,Internal 2,100,40
T5387,S1847,MECH103,Model Exam,100,37
T5388,S1847,MECH101,Final Internal,100,36
T5389,S1848,CSE102,Internal 1,100,92
T5390,S1848,CSE101,Internal 2,100,92
T5391,S1848,CSE104,Model Exam,100,92
T5392,S1848,CSE104,Final Internal,100,92
T5393,S1849,CSE101,Internal 1,100,44
T5394,S1849,CSE101,Internal 2,100,42
T5395,S1849,CSE105,Model Exam,100,39
T5396,S1849,CSE102,Final Internal,100,35
T5397,S1850,MECH102,Internal 1,100,38
T5398,S1850,MECH104,Internal 2,100,37
T5399,S1850,MECH102,Model Exam,100,35
T5400,S1850,MECH101,Final Internal,100,35
T5401,S1851,MECH101,Internal 1,100,49
T5402,S1851,MECH105,Internal 2,100,48
T5403,S1851,MECH103,Model Exam,100,44
T5404,S1851,MECH102,Final Internal,100,41
T5405,S1852,MECH101,Internal 1,100,86
T5406,S1852,MECH101,Internal 2,100,86
T5407,S1852,MECH104,Model Exam,100,86
T5408,S1852,MECH101,Final Internal,100,86
T5409,S1853,CSE104,Internal 1,100,55
T5410,S1853,CSE103,Internal 2,100,51
T5411,S1853,CSE102,Model Exam,100,46
T5412,S1853,CSE105,Final Internal,100,41
T5413,S1854,CSE101,Internal 1,100,79
T5414,S1854,CSE104,Internal 2,100,79
T5415,S1854,CSE105,Model Exam,100,79
T5416,S1854,CSE104,Final Internal,100,79
T5417,S1855,CSE101,Internal 1,100,65
T5418,S1855,CSE102,Internal 2,100,65
T5419,S1855,CSE101,Model Exam,100,65
T5420,S1855,CSE103,Final Internal,100,65
T5421,S1856,CIVIL103,Internal 1,100,42
T5422,S1856,CIVIL105,Internal 2,100,40
T5423,S1856,CIVIL105,Model Exam,100,39
T5424,S1856,CIVIL103,Final Internal,100,37
T5425,S1857,CIVIL101,Internal 1,100,73
T5426,S1857,CIVIL102,Internal 2,100,73
T5427,S1857,CIVIL103,Model Exam,100,73
T5428,S1857,CIVIL105,Final Internal,100,73
T5429,S1858,ECE103,Internal 1,100,72
T5430,S1858,ECE101,Internal 2,100,72
T5431,S1858,ECE103,Model Exam,100,72
T5432,S1858,ECE103,Final Internal,100,72
T5433,S1859,CIVIL103,Internal 1,100,52
T5434,S1859,CIVIL105,Internal 2,100,50
T5435,S1859,CIVIL101,Model Exam,100,45
T5436,S1859,CIVIL102,Final Internal,100,40
T5437,S1860,CIVIL102,Internal 1,100,71
T5438,S1860,CIVIL105,Internal 2,100,71
T5439,S1860,CIVIL103,Model Exam,100,71
T5440,S1860,CIVIL105,Final Internal,100,71
T5441,S1861,CSE102,Internal 1,100,79
T5442,S1861,CSE104,Internal 2,100,79
T5443,S1861,CSE105,Model Exam,100,79
T5444,S1861,CSE104,Final Internal,100,79
T5445,S1862,MECH105,Internal 1,100,90
T5446,S1862,MECH104,Internal 2,100,90
T5447,S1862,MECH105,Model Exam,100,90
T5448,S1862,MECH101,Final Internal,100,90
T5449,S1863,MECH105,Internal 1,100,87
T5450,S1863,MECH104,Internal 2,100,87
T5451,S1863,MECH105,Model Exam,100,87
T5452,S1863,MECH104,Final Internal,100,87
T5453,S1864,ECE104,Internal 1,100,91
T5454,S1864,ECE105,Internal 2,100,91
T5455,S1864,ECE105,Model Exam,100,91
T5456,S1864,ECE101,Final Internal,100,91
T5457,S1865,CSE102,Internal 1,100,82
T5458,S1865,CSE103,Internal 2,100,82
T5459,S1865,CSE102,Model Exam,100,82
T5460,S1865,CSE101,Final Internal,100,82
T5461,S1866,ECE101,Internal 1,100,81
T5462,S1866,ECE102,Internal 2,100,81
T5463,S1866,ECE101,Model Exam,100,81
T5464,S1866,ECE103,Final Internal,100,81
T5465,S1867,MECH105,Internal 1,100,35
T5466,S1867,MECH103,Internal 2,100,35
T5467,S1867,MECH104,Model Exam,100,35
T5468,S1867,MECH101,Final Internal,100,35
T5469,S1868,EEE103,Internal 1,100,57
T5470,S1868,EEE103,Internal 2,100,53
T5471,S1868,EEE105,Model Exam,100,51
T5472,S1868,EEE102,Final Internal,100,48
T5473,S1869,CIVIL101,Internal 1,100,77
T5474,S1869,CIVIL103,Internal 2,100,77
T5475,S1869,CIVIL103,Model Exam,100,77
T5476,S1869,CIVIL104,Final Internal,100,77
T5477,S1870,ECE105,Internal 1,100,81
T5478,S1870,ECE101,Internal 2,100,81
T5479,S1870,ECE104,Model Exam,100,81
T5480,S1870,ECE103,Final Internal,100,81
T5481,S1871,EEE103,Internal 1,100,85
T5482,S1871,EEE104,Internal 2,100,85
T5483,S1871,EEE103,Model Exam,100,85
T5484,S1871,EEE105,Final Internal,100,85
T5485,S1872,ECE105,Internal 1,100,72
T5486,S1872,ECE102,Internal 2,100,72
T5487,S1872,ECE104,Model Exam,100,72
T5488,S1872,ECE104,Final Internal,100,72
T5489,S1873,CSE103,Internal 1,100,55
T5490,S1873,CSE101,Internal 2,100,53
T5491,S1873,CSE102,Model Exam,100,52
T5492,S1873,CSE105,Final Internal,100,50
T5493,S1874,CSE103,Internal 1,100,81
T5494,S1874,CSE104,Internal 2,100,81
T5495,S1874,CSE102,Model Exam,100,81
T5496,S1874,CSE101,Final Internal,100,81
T5497,S1875,CSE102,Internal 1,100,87
T5498,S1875,CSE101,Internal 2,100,87
T5499,S1875,CSE105,Model Exam,100,87
T5500,S1875,CSE103,Final Internal,100,87
T5501,S1876,CSE103,Internal 1,100,72
T5502,S1876,CSE105,Internal 2,100,72
T5503,S1876,CSE104,Model Exam,100,72
T5504,S1876,CSE102,Final Internal,100,72
T5505,S1877,MECH103,Internal 1,100,70
T5506,S1877,MECH103,Internal 2,100,70
T5507,S1877,MECH105,Model Exam,100,70
T5508,S1877,MECH102,Final Internal,100,70
T5509,S1878,CSE101,Internal 1,100,66
T5510,S1878,CSE103,Internal 2,100,66
T5511,S1878,CSE101,Model Exam,100,66
T5512,S1878,CSE104,Final Internal,100,66
T5513,S1879,ECE103,Internal 1,100,57
T5514,S1879,ECE104,Internal 2,100,57
T5515,S1879,ECE101,Model Exam,100,57
T5516,S1879,ECE102,Final Internal,100,57
T5517,S1880,CIVIL103,Internal 1,100,87
T5518,S1880,CIVIL105,Internal 2,100,87
T5519,S1880,CIVIL101,Model Exam,100,87
T5520,S1880,CIVIL102,Final Internal,100,87
T5521,S1881,MECH103,Internal 1,100,65
T5522,S1881,MECH105,Internal 2,100,65
T5523,S1881,MECH105,Model Exam,100,65
T5524,S1881,MECH101,Final Internal,100,65
T5525,S1882,EEE103,Internal 1,100,83
T5526,S1882,EEE101,Internal 2,100,83
T5527,S1882,EEE104,Model Exam,100,83
T5528,S1882,EEE101,Final Internal,100,83
T5529,S1883,CIVIL101,Internal 1,100,57
T5530,S1883,CIVIL105,Internal 2,100,53
T5531,S1883,CIVIL101,Model Exam,100,50
T5532,S1883,CIVIL103,Final Internal,100,49
T5533,S1884,EEE105,Internal 1,100,81
T5534,S1884,EEE103,Internal 2,100,81
T5535,S1884,EEE103,Model Exam,100,81
T5536,S1884,EEE101,Final Internal,100,81
T5537,S1885,MECH101,Internal 1,100,92
T5538,S1885,MECH104,Internal 2,100,92
T5539,S1885,MECH101,Model Exam,100,92
T5540,S1885,MECH104,Final Internal,100,92
T5541,S1886,ECE105,Internal 1,100,71
T5542,S1886,ECE101,Internal 2,100,71
T5543,S1886,ECE104,Model Exam,100,71
T5544,S1886,ECE101,Final Internal,100,71
T5545,S1887,CIVIL104,Internal 1,100,95
T5546,S1887,CIVIL101,Internal 2,100,95
T5547,S1887,CIVIL102,Model Exam,100,95
T5548,S1887,CIVIL104,Final Internal,100,95
T5549,S1888,CIVIL105,Internal 1,100,68
T5550,S1888,CIVIL105,Internal 2,100,68
T5551,S1888,CIVIL102,Model Exam,100,68
T5552,S1888,CIVIL105,Final Internal,100,68
T5553,S1889,CSE105,Internal 1,100,50
T5554,S1889,CSE105,Internal 2,100,46
T5555,S1889,CSE105,Model Exam,100,43
T5556,S1889,CSE104,Final Internal,100,38
T5557,S1890,CIVIL102,Internal 1,100,46
T5558,S1890,CIVIL103,Internal 2,100,45
T5559,S1890,CIVIL105,Model Exam,100,43
T5560,S1890,CIVIL105,Final Internal,100,40
T5561,S1891,CSE104,Internal 1,100,54
T5562,S1891,CSE104,Internal 2,100,50
T5563,S1891,CSE102,Model Exam,100,49
T5564,S1891,CSE101,Final Internal,100,47
T5565,S1892,CSE103,Internal 1,100,47
T5566,S1892,CSE102,Internal 2,100,43
T5567,S1892,CSE101,Model Exam,100,40
T5568,S1892,CSE101,Final Internal,100,39
T5569,S1893,ECE104,Internal 1,100,72
T5570,S1893,ECE102,Internal 2,100,72
T5571,S1893,ECE104,Model Exam,100,72
T5572,S1893,ECE103,Final Internal,100,72
T5573,S1894,ECE105,Internal 1,100,86
T5574,S1894,ECE105,Internal 2,100,86
T5575,S1894,ECE102,Model Exam,100,86
T5576,S1894,ECE102,Final Internal,100,86
T5577,S1895,CIVIL103,Internal 1,100,87
T5578,S1895,CIVIL101,Internal 2,100,87
T5579,S1895,CIVIL105,Model Exam,100,87
T5580,S1895,CIVIL102,Final Internal,100,87
T5581,S1896,CIVIL102,Internal 1,100,87
T5582,S1896,CIVIL105,Internal 2,100,87
T5583,S1896,CIVIL103,Model Exam,100,87
T5584,S1896,CIVIL101,Final Internal,100,87
T5585,S1897,MECH103,Internal 1,100,82
T5586,S1897,MECH104,Internal 2,100,82
T5587,S1897,MECH104,Model Exam,100,82
T5588,S1897,MECH102,Final Internal,100,82
T5589,S1898,CIVIL103,Internal 1,100,87
T5590,S1898,CIVIL104,Internal 2,100,87
T5591,S1898,CIVIL104,Model Exam,100,87
T5592,S1898,CIVIL104,Final Internal,100,87
T5593,S1899,CIVIL104,Internal 1,100,76
T5594,S1899,CIVIL101,Internal 2,100,76
T5595,S1899,CIVIL104,Model Exam,100,76
T5596,S1899,CIVIL102,Final Internal,100,76
T5597,S1900,EEE104,Internal 1,100,35
T5598,S1900,EEE101,Internal 2,100,35
T5599,S1900,EEE103,Model Exam,100,35
T5600,S1900,EEE104,Final Internal,100,35
T5601,S1901,EEE103,Internal 1,100,70
T5602,S1901,EEE105,Internal 2,100,70
T5603,S1901,EEE103,Model Exam,100,70
T5604,S1901,EEE102,Final Internal,100,70
T5605,S1902,CIVIL104,Internal 1,100,73
T5606,S1902,CIVIL102,Internal 2,100,73
T5607,S1902,CIVIL105,Model Exam,100,73
T5608,S1902,CIVIL101,Final Internal,100,73
T5609,S1903,CSE104,Internal 1,100,53
T5610,S1903,CSE103,Internal 2,100,53
T5611,S1903,CSE102,Model Exam,100,53
T5612,S1903,CSE104,Final Internal,100,53
T5613,S1904,CSE102,Internal 1,100,69
T5614,S1904,CSE102,Internal 2,100,69
T5615,S1904,CSE104,Model Exam,100,69
T5616,S1904,CSE102,Final Internal,100,69
T5617,S1905,CSE101,Internal 1,100,71
T5618,S1905,CSE103,Internal 2,100,71
T5619,S1905,CSE102,Model Exam,100,71
T5620,S1905,CSE101,Final Internal,100,71
T5621,S1906,CIVIL103,Internal 1,100,100
T5622,S1906,CIVIL103,Internal 2,100,100
T5623,S1906,CIVIL101,Model Exam,100,100
T5624,S1906,CIVIL103,Final Internal,100,100
T5625,S1907,MECH105,Internal 1,100,94
T5626,S1907,MECH101,Internal 2,100,94
T5627,S1907,MECH103,Model Exam,100,94
T5628,S1907,MECH102,Final Internal,100,94
T5629,S1908,ECE103,Internal 1,100,35
T5630,S1908,ECE104,Internal 2,100,35
T5631,S1908,ECE102,Model Exam,100,35
T5632,S1908,ECE104,Final Internal,100,35
T5633,S1909,ECE101,Internal 1,100,66
T5634,S1909,ECE104,Internal 2,100,66
T5635,S1909,ECE101,Model Exam,100,66
T5636,S1909,ECE105,Final Internal,100,66
T5637,S1910,EEE103,Internal 1,100,91
T5638,S1910,EEE105,Internal 2,100,91
T5639,S1910,EEE102,Model Exam,100,91
T5640,S1910,EEE101,Final Internal,100,91
T5641,S1911,ECE104,Internal 1,100,76
T5642,S1911,ECE101,Internal 2,100,76
T5643,S1911,ECE101,Model Exam,100,76
T5644,S1911,ECE101,Final Internal,100,76
T5645,S1912,ECE101,Internal 1,100,76
T5646,S1912,ECE102,Internal 2,100,76
T5647,S1912,ECE103,Model Exam,100,76
T5648,S1912,ECE101,Final Internal,100,76
T5649,S1913,MECH102,Internal 1,100,75
T5650,S1913,MECH101,Internal 2,100,75
T5651,S1913,MECH103,Model Exam,100,75
T5652,S1913,MECH102,Final Internal,100,75
T5653,S1914,CIVIL101,Internal 1,100,58
T5654,S1914,CIVIL105,Internal 2,100,56
T5655,S1914,CIVIL101,Model Exam,100,54
T5656,S1914,CIVIL104,Final Internal,100,53
T5657,S1915,MECH101,Internal 1,100,93
T5658,S1915,MECH105,Internal 2,100,93
T5659,S1915,MECH104,Model Exam,100,93
T5660,S1915,MECH103,Final Internal,100,93
T5661,S1916,EEE103,Internal 1,100,78
T5662,S1916,EEE105,Internal 2,100,78
T5663,S1916,EEE103,Model Exam,100,78
T5664,S1916,EEE103,Final Internal,100,78
T5665,S1917,CIVIL105,Internal 1,100,73
T5666,S1917,CIVIL102,Internal 2,100,73
T5667,S1917,CIVIL104,Model Exam,100,73
T5668,S1917,CIVIL104,Final Internal,100,73
T5669,S1918,MECH102,Internal 1,100,73
T5670,S1918,MECH102,Internal 2,100,73
T5671,S1918,MECH105,Model Exam,100,73
T5672,S1918,MECH104,Final Internal,100,73
T5673,S1919,EEE102,Internal 1,100,81
T5674,S1919,EEE102,Internal 2,100,81
T5675,S1919,EEE105,Model Exam,100,81
T5676,S1919,EEE105,Final Internal,100,81
T5677,S1920,CIVIL102,Internal 1,100,42
T5678,S1920,CIVIL105,Internal 2,100,39
T5679,S1920,CIVIL104,Model Exam,100,36
T5680,S1920,CIVIL103,Final Internal,100,35
T5681,S1921,MECH105,Internal 1,100,42
T5682,S1921,MECH101,Internal 2,100,40
T5683,S1921,MECH105,Model Exam,100,36
T5684,S1921,MECH103,Final Internal,100,35
T5685,S1922,ECE102,Internal 1,100,35
T5686,S1922,ECE104,Internal 2,100,35
T5687,S1922,ECE102,Model Exam,100,35
T5688,S1922,ECE104,Final Internal,100,35
T5689,S1923,ECE104,Internal 1,100,73
T5690,S1923,ECE105,Internal 2,100,73
T5691,S1923,ECE102,Model Exam,100,73
T5692,S1923,ECE104,Final Internal,100,73
T5693,S1924,ECE103,Internal 1,100,80
T5694,S1924,ECE101,Internal 2,100,80
T5695,S1924,ECE102,Model Exam,100,80
T5696,S1924,ECE105,Final Internal,100,80
T5697,S1925,EEE105,Internal 1,100,95
T5698,S1925,EEE103,Internal 2,100,95
T5699,S1925,EEE104,Model Exam,100,95
T5700,S1925,EEE105,Final Internal,100,95
T5701,S1926,CSE102,Internal 1,100,89
T5702,S1926,CSE104,Internal 2,100,89
T5703,S1926,CSE105,Model Exam,100,89
T5704,S1926,CSE101,Final Internal,100,89
T5705,S1927,EEE101,Internal 1,100,97
T5706,S1927,EEE105,Internal 2,100,97
T5707,S1927,EEE102,Model Exam,100,97
T5708,S1927,EEE104,Final Internal,100,97
T5709,S1928,CSE104,Internal 1,100,76
T5710,S1928,CSE102,Internal 2,100,76
T5711,S1928,CSE105,Model Exam,100,76
T5712,S1928,CSE104,Final Internal,100,76
T5713,S1929,ECE105,Internal 1,100,52
T5714,S1929,ECE104,Internal 2,100,48
T5715,S1929,ECE105,Model Exam,100,47
T5716,S1929,ECE102,Final Internal,100,46
T5717,S1930,MECH102,Internal 1,100,74
T5718,S1930,MECH104,Internal 2,100,74
T5719,S1930,MECH102,Model Exam,100,74
T5720,S1930,MECH101,Final Internal,100,74
T5721,S1931,MECH101,Internal 1,100,82
T5722,S1931,MECH103,Internal 2,100,82
T5723,S1931,MECH103,Model Exam,100,82
T5724,S1931,MECH105,Final Internal,100,82
T5725,S1932,EEE101,Internal 1,100,84
T5726,S1932,EEE105,Internal 2,100,84
T5727,S1932,EEE104,Model Exam,100,84
T5728,S1932,EEE104,Final Internal,100,84
T5729,S1933,ECE102,Internal 1,100,95
T5730,S1933,ECE101,Internal 2,100,95
T5731,S1933,ECE105,Model Exam,100,95
T5732,S1933,ECE101,Final Internal,100,95
T5733,S1934,EEE101,Internal 1,100,36
T5734,S1934,EEE104,Internal 2,100,35
T5735,S1934,EEE101,Model Exam,100,35
T5736,S1934,EEE101,Final Internal,100,35
T5737,S1935,EEE105,Internal 1,100,44
T5738,S1935,EEE103,Internal 2,100,40
T5739,S1935,EEE102,Model Exam,100,35
T5740,S1935,EEE103,Final Internal,100,35
T5741,S1936,ECE103,Internal 1,100,44
T5742,S1936,ECE105,Internal 2,100,40
T5743,S1936,ECE104,Model Exam,100,38
T5744,S1936,ECE103,Final Internal,100,35
T5745,S1937,EEE103,Internal 1,100,83
T5746,S1937,EEE101,Internal 2,100,83
T5747,S1937,EEE101,Model Exam,100,83
T5748,S1937,EEE104,Final Internal,100,83
T5749,S1938,CIVIL103,Internal 1,100,73
T5750,S1938,CIVIL102,Internal 2,100,73
T5751,S1938,CIVIL102,Model Exam,100,73
T5752,S1938,CIVIL105,Final Internal,100,73
T5753,S1939,EEE102,Internal 1,100,35
T5754,S1939,EEE102,Internal 2,100,35
T5755,S1939,EEE104,Model Exam,100,35
T5756,S1939,EEE105,Final Internal,100,35
T5757,S1940,ECE103,Internal 1,100,76
T5758,S1940,ECE102,Internal 2,100,76
T5759,S1940,ECE105,Model Exam,100,76
T5760,S1940,ECE103,Final Internal,100,76
T5761,S1941,ECE103,Internal 1,100,72
T5762,S1941,ECE105,Internal 2,100,72
T5763,S1941,ECE103,Model Exam,100,72
T5764,S1941,ECE105,Final Internal,100,72
T5765,S1942,MECH103,Internal 1,100,77
T5766,S1942,MECH104,Internal 2,100,77
T5767,S1942,MECH103,Model Exam,100,77
T5768,S1942,MECH101,Final Internal,100,77
T5769,S1943,EEE104,Internal 1,100,67
T5770,S1943,EEE105,Internal 2,100,67
T5771,S1943,EEE105,Model Exam,100,67
T5772,S1943,EEE102,Final Internal,100,67
T5773,S1944,ECE101,Internal 1,100,61
T5774,S1944,ECE102,Internal 2,100,61
T5775,S1944,ECE101,Model Exam,100,61
T5776,S1944,ECE102,Final Internal,100,61
T5777,S1945,EEE103,Internal 1,100,36
T5778,S1945,EEE102,Internal 2,100,35
T5779,S1945,EEE101,Model Exam,100,35
T5780,S1945,EEE104,Final Internal,100,35
T5781,S1946,CSE103,Internal 1,100,71
T5782,S1946,CSE101,Internal 2,100,71
T5783,S1946,CSE101,Model Exam,100,71
T5784,S1946,CSE103,Final Internal,100,71
T5785,S1947,CIVIL104,Internal 1,100,78
T5786,S1947,CIVIL104,Internal 2,100,78
T5787,S1947,CIVIL104,Model Exam,100,78
T5788,S1947,CIVIL105,Final Internal,100,78
T5789,S1948,ECE101,Internal 1,100,78
T5790,S1948,ECE101,Internal 2,100,78
T5791,S1948,ECE103,Model Exam,100,78
T5792,S1948,ECE101,Final Internal,100,78
T5793,S1949,ECE102,Internal 1,100,74
T5794,S1949,ECE103,Internal 2,100,74
T5795,S1949,ECE104,Model Exam,100,74
T5796,S1949,ECE102,Final Internal,100,74
T5797,S1950,MECH104,Internal 1,100,70
T5798,S1950,MECH101,Internal 2,100,70
T5799,S1950,MECH102,Model Exam,100,70
T5800,S1950,MECH105,Final Internal,100,70
T5801,S1951,MECH104,Internal 1,100,78
T5802,S1951,MECH103,Internal 2,100,78
T5803,S1951,MECH102,Model Exam,100,78
T5804,S1951,MECH101,Final Internal,100,78
T5805,S1952,EEE101,Internal 1,100,72
T5806,S1952,EEE102,Internal 2,100,72
T5807,S1952,EEE103,Model Exam,100,72
T5808,S1952,EEE102,Final Internal,100,72
T5809,S1953,EEE102,Internal 1,100,84
T5810,S1953,EEE103,Internal 2,100,84
T5811,S1953,EEE104,Model Exam,100,84
T5812,S1953,EEE105,Final Internal,100,84
T5813,S1954,CIVIL105,Internal 1,100,89
T5814,S1954,CIVIL101,Internal 2,100,89
T5815,S1954,CIVIL103,Model Exam,100,89
T5816,S1954,CIVIL103,Final Internal,100,89
T5817,S1955,CIVIL104,Internal 1,100,92
T5818,S1955,CIVIL104,Internal 2,100,92
T5819,S1955,CIVIL103,Model Exam,100,92
T5820,S1955,CIVIL103,Final Internal,100,92
T5821,S1956,CSE105,Internal 1,100,71
T5822,S1956,CSE101,Internal 2,100,71
T5823,S1956,CSE103,Model Exam,100,71
T5824,S1956,CSE102,Final Internal,100,71
T5825,S1957,CIVIL104,Internal 1,100,96
T5826,S1957,CIVIL104,Internal 2,100,96
T5827,S1957,CIVIL101,Model Exam,100,96
T5828,S1957,CIVIL102,Final Internal,100,96
T5829,S1958,EEE103,Internal 1,100,65
T5830,S1958,EEE104,Internal 2,100,65
T5831,S1958,EEE105,Model Exam,100,65
T5832,S1958,EEE102,Final Internal,100,65
T5833,S1959,EEE103,Internal 1,100,73
T5834,S1959,EEE105,Internal 2,100,73
T5835,S1959,EEE102,Model Exam,100,73
T5836,S1959,EEE102,Final Internal,100,73
T5837,S1960,MECH104,Internal 1,100,85
T5838,S1960,MECH105,Internal 2,100,85
T5839,S1960,MECH101,Model Exam,100,85
T5840,S1960,MECH103,Final Internal,100,85
T5841,S1961,EEE104,Internal 1,100,94
T5842,S1961,EEE102,Internal 2,100,94
T5843,S1961,EEE104,Model Exam,100,94
T5844,S1961,EEE105,Final Internal,100,94
T5845,S1962,EEE103,Internal 1,100,72
T5846,S1962,EEE102,Internal 2,100,72
T5847,S1962,EEE102,Model Exam,100,72
T5848,S1962,EEE105,Final Internal,100,72
T5849,S1963,CSE103,Internal 1,100,35
T5850,S1963,CSE103,Internal 2,100,35
T5851,S1963,CSE101,Model Exam,100,35
T5852,S1963,CSE104,Final Internal,100,35
T5853,S1964,CIVIL102,Internal 1,100,91
T5854,S1964,CIVIL104,Internal 2,100,91
T5855,S1964,CIVIL104,Model Exam,100,91
T5856,S1964,CIVIL104,Final Internal,100,91
T5857,S1965,MECH102,Internal 1,100,66
T5858,S1965,MECH102,Internal 2,100,66
T5859,S1965,MECH102,Model Exam,100,66
T5860,S1965,MECH103,Final Internal,100,66
T5861,S1966,ECE105,Internal 1,100,67
T5862,S1966,ECE104,Internal 2,100,67
T5863,S1966,ECE102,Model Exam,100,67
T5864,S1966,ECE103,Final Internal,100,67
T5865,S1967,EEE104,Internal 1,100,59
T5866,S1967,EEE104,Internal 2,100,59
T5867,S1967,EEE101,Model Exam,100,59
T5868,S1967,EEE104,Final Internal,100,59
T5869,S1968,EEE104,Internal 1,100,76
T5870,S1968,EEE102,Internal 2,100,76
T5871,S1968,EEE104,Model Exam,100,76
T5872,S1968,EEE101,Final Internal,100,76
T5873,S1969,CIVIL104,Internal 1,100,81
T5874,S1969,CIVIL103,Internal 2,100,81
T5875,S1969,CIVIL105,Model Exam,100,81
T5876,S1969,CIVIL105,Final Internal,100,81
T5877,S1970,ECE104,Internal 1,100,82
T5878,S1970,ECE102,Internal 2,100,82
T5879,S1970,ECE105,Model Exam,100,82
T5880,S1970,ECE105,Final Internal,100,82
T5881,S1971,CSE104,Internal 1,100,98
T5882,S1971,CSE105,Internal 2,100,98
T5883,S1971,CSE104,Model Exam,100,98
T5884,S1971,CSE101,Final Internal,100,98
T5885,S1972,MECH105,Internal 1,100,65
T5886,S1972,MECH105,Internal 2,100,65
T5887,S1972,MECH105,Model Exam,100,65
T5888,S1972,MECH103,Final Internal,100,65
T5889,S1973,CIVIL104,Internal 1,100,87
T5890,S1973,CIVIL102,Internal 2,100,87
T5891,S1973,CIVIL101,Model Exam,100,87
T5892,S1973,CIVIL104,Final Internal,100,87
T5893,S1974,ECE102,Internal 1,100,44
T5894,S1974,ECE104,Internal 2,100,39
T5895,S1974,ECE101,Model Exam,100,37
T5896,S1974,ECE102,Final Internal,100,35
T5897,S1975,ECE103,Internal 1,100,81
T5898,S1975,ECE104,Internal 2,100,81
T5899,S1975,ECE104,Model Exam,100,81
T5900,S1975,ECE102,Final Internal,100,81
T5901,S1976,CSE103,Internal 1,100,42
T5902,S1976,CSE104,Internal 2,100,40
T5903,S1976,CSE101,Model Exam,100,37
T5904,S1976,CSE103,Final Internal,100,35
T5905,S1977,ECE105,Internal 1,100,56
T5906,S1977,ECE105,Internal 2,100,54
T5907,S1977,ECE103,Model Exam,100,50
T5908,S1977,ECE105,Final Internal,100,45
T5909,S1978,MECH102,Internal 1,100,87
T5910,S1978,MECH103,Internal 2,100,87
T5911,S1978,MECH101,Model Exam,100,87
T5912,S1978,MECH101,Final Internal,100,87
T5913,S1979,ECE105,Internal 1,100,83
T5914,S1979,ECE102,Internal 2,100,83
T5915,S1979,ECE104,Model Exam,100,83
T5916,S1979,ECE105,Final Internal,100,83
T5917,S1980,CIVIL104,Internal 1,100,83
T5918,S1980,CIVIL101,Internal 2,100,83
T5919,S1980,CIVIL102,Model Exam,100,83
T5920,S1980,CIVIL102,Final Internal,100,83
T5921,S1981,EEE103,Internal 1,100,73
T5922,S1981,EEE103,Internal 2,100,73
T5923,S1981,EEE102,Model Exam,100,73
T5924,S1981,EEE105,Final Internal,100,73
T5925,S1982,EEE102,Internal 1,100,70
T5926,S1982,EEE103,Internal 2,100,70
T5927,S1982,EEE105,Model Exam,100,70
T5928,S1982,EEE103,Final Internal,100,70
T5929,S1983,ECE102,Internal 1,100,54
T5930,S1983,ECE104,Internal 2,100,49
T5931,S1983,ECE102,Model Exam,100,45
T5932,S1983,ECE102,Final Internal,100,42
T5933,S1984,CSE104,Internal 1,100,85
T5934,S1984,CSE104,Internal 2,100,85
T5935,S1984,CSE103,Model Exam,100,85
T5936,S1984,CSE104,Final Internal,100,85
T5937,S1985,EEE103,Internal 1,100,42
T5938,S1985,EEE102,Internal 2,100,40
T5939,S1985,EEE101,Model Exam,100,38
T5940,S1985,EEE104,Final Internal,100,35
T5941,S1986,CSE101,Internal 1,100,92
T5942,S1986,CSE104,Internal 2,100,92
T5943,S1986,CSE101,Model Exam,100,92
T5944,S1986,CSE102,Final Internal,100,92
T5945,S1987,EEE102,Internal 1,100,39
T5946,S1987,EEE105,Internal 2,100,38
T5947,S1987,EEE104,Model Exam,100,35
T5948,S1987,EEE101,Final Internal,100,35
T5949,S1988,EEE101,Internal 1,100,52
T5950,S1988,EEE104,Internal 2,100,52
T5951,S1988,EEE102,Model Exam,100,52
T5952,S1988,EEE104,Final Internal,100,52
T5953,S1989,EEE103,Internal 1,100,57
T5954,S1989,EEE101,Internal 2,100,55
T5955,S1989,EEE104,Model Exam,100,52
T5956,S1989,EEE103,Final Internal,100,47
T5957,S1990,ECE105,Internal 1,100,42
T5958,S1990,ECE102,Internal 2,100,40
T5959,S1990,ECE101,Model Exam,100,35
T5960,S1990,ECE103,Final Internal,100,35
T5961,S1991,CSE104,Internal 1,100,81
T5962,S1991,CSE102,Internal 2,100,81
T5963,S1991,CSE102,Model Exam,100,81
T5964,S1991,CSE103,Final Internal,100,81
T5965,S1992,EEE103,Internal 1,100,72
T5966,S1992,EEE102,Internal 2,100,72
T5967,S1992,EEE105,Model Exam,100,72
T5968,S1992,EEE102,Final Internal,100,72
T5969,S1993,MECH105,Internal 1,100,69
T5970,S1993,MECH104,Internal 2,100,69
T5971,S1993,MECH103,Model Exam,100,69
T5972,S1993,MECH103,Final Internal,100,69
T5973,S1994,EEE105,Internal 1,100,100
T5974,S1994,EEE105,Internal 2,100,100
T5975,S1994,EEE102,Model Exam,100,100
T5976,S1994,EEE103,Final Internal,100,100
T5977,S1995,ECE101,Internal 1,100,77
T5978,S1995,ECE104,Internal 2,100,77
T5979,S1995,ECE101,Model Exam,100,77
T5980,S1995,ECE105,Final Internal,100,77
T5981,S1996,ECE102,Internal 1,100,47
T5982,S1996,ECE102,Internal 2,100,46
T5983,S1996,ECE102,Model Exam,100,43
T5984,S1996,ECE105,Final Internal,100,41
T5985,S1997,EEE104,Internal 1,100,82
T5986,S1997,EEE105,Internal 2,100,82
T5987,S1997,EEE102,Model Exam,100,82
T5988,S1997,EEE105,Final Internal,100,82
T5989,S1998,EEE103,Internal 1,100,92
T5990,S1998,EEE103,Internal 2,100,92
T5991,S1998,EEE105,Model Exam,100,92
T5992,S1998,EEE104,Final Internal,100,92
T5993,S1999,CIVIL101,Internal 1,100,72
T5994,S1999,CIVIL102,Internal 2,100,72
T5995,S1999,CIVIL101,Model Exam,100,72
T5996,S1999,CIVIL104,Final Internal,100,72
T5997,S2000,MECH105,Internal 1,100,86
T5998,S2000,MECH104,Internal 2,100,86
T5999,S2000,MECH101,Model Exam,100,86
T6000,S2000,MECH101,Final Internal,100,86
